Date,GBP= (BID)
,Close
24/6/2024,1.2693
21/6/2024,1.2645
20/6/2024,1.2655
19/6/2024,1.2717
18/6/2024,1.2707
17/6/2024,1.2703
14/6/2024,1.2682
13/6/2024,1.2759
12/6/2024,1.2796
11/6/2024,1.274
10/6/2024,1.273
07/6/2024,1.2721
06/6/2024,1.2788
05/6/2024,1.2785
04/6/2024,1.2763
03/6/2024,1.2804
31/5/2024,1.2739
30/5/2024,1.273
29/5/2024,1.2707
28/5/2024,1.276
27/5/2024,1.2767
24/5/2024,1.274
23/5/2024,1.2697
22/5/2024,1.2715
21/5/2024,1.2707
20/5/2024,1.2704
17/5/2024,1.2699
16/5/2024,1.2666
15/5/2024,1.2685
14/5/2024,1.2588
13/5/2024,1.2558
10/5/2024,1.2521
09/5/2024,1.2522
08/5/2024,1.2496
07/5/2024,1.2504
06/5/2024,1.2561
03/5/2024,1.2544
02/5/2024,1.2531
01/5/2024,1.2525
30/4/2024,1.249
29/4/2024,1.2561
26/4/2024,1.2489
25/4/2024,1.2513
24/4/2024,1.2461
23/4/2024,1.2448
22/4/2024,1.2349
19/4/2024,1.2371
18/4/2024,1.2435
17/4/2024,1.2446
16/4/2024,1.2424
15/4/2024,1.2444
12/4/2024,1.245
11/4/2024,1.255
10/4/2024,1.2531
09/4/2024,1.2676
08/4/2024,1.2652
05/4/2024,1.2636
04/4/2024,1.264
03/4/2024,1.2651
02/4/2024,1.2577
01/4/2024,1.255
29/3/2024,1.2623
28/3/2024,1.2622
27/3/2024,1.2638
26/3/2024,1.2625
25/3/2024,1.2634
22/3/2024,1.2601
21/3/2024,1.2656
20/3/2024,1.2784
19/3/2024,1.272
18/3/2024,1.2727
15/3/2024,1.2739
14/3/2024,1.2751
13/3/2024,1.2796
12/3/2024,1.2791
11/3/2024,1.2812
08/3/2024,1.2857
07/3/2024,1.2806
06/3/2024,1.2729
05/3/2024,1.2703
04/3/2024,1.269
01/3/2024,1.265
29/2/2024,1.2623
28/2/2024,1.2661
27/2/2024,1.2683
26/2/2024,1.2682
23/2/2024,1.2679
22/2/2024,1.2659
21/2/2024,1.2634
20/2/2024,1.2618
19/2/2024,1.2593
16/2/2024,1.2598
15/2/2024,1.26
14/2/2024,1.2565
13/2/2024,1.2589
12/2/2024,1.2626
09/2/2024,1.2619
08/2/2024,1.2616
07/2/2024,1.2625
06/2/2024,1.2597
05/2/2024,1.2532
02/2/2024,1.263
01/2/2024,1.2742
31/1/2024,1.2685
30/1/2024,1.2697
29/1/2024,1.2707
26/1/2024,1.2702
25/1/2024,1.2708
24/1/2024,1.2723
23/1/2024,1.2687
22/1/2024,1.2706
19/1/2024,1.27
18/1/2024,1.2705
17/1/2024,1.2672
16/1/2024,1.2636
15/1/2024,1.2725
12/1/2024,1.2751
11/1/2024,1.276
10/1/2024,1.2739
09/1/2024,1.2705
08/1/2024,1.2747
05/1/2024,1.2716
04/1/2024,1.2679
03/1/2024,1.2662
02/1/2024,1.2614
01/1/2024,1.2723
29/12/2023,1.2729
28/12/2023,1.273
27/12/2023,1.2794
26/12/2023,1.2726
25/12/2023,1.2689
22/12/2023,1.27
21/12/2023,1.2688
20/12/2023,1.2637
19/12/2023,1.273
18/12/2023,1.2642
15/12/2023,1.2675
14/12/2023,1.2766
13/12/2023,1.2618
12/12/2023,1.2561
11/12/2023,1.2553
08/12/2023,1.2546
07/12/2023,1.259
06/12/2023,1.2559
05/12/2023,1.2593
04/12/2023,1.2632
01/12/2023,1.27
30/11/2023,1.2622
29/11/2023,1.2694
28/11/2023,1.2693
27/11/2023,1.2625
24/11/2023,1.2603
23/11/2023,1.2533
22/11/2023,1.2492
21/11/2023,1.2537
20/11/2023,1.2504
17/11/2023,1.2461
16/11/2023,1.2406
15/11/2023,1.2418
14/11/2023,1.2497
13/11/2023,1.2278
10/11/2023,1.2222
09/11/2023,1.2221
08/11/2023,1.2282
07/11/2023,1.2299
06/11/2023,1.2341
03/11/2023,1.2376
02/11/2023,1.2201
01/11/2023,1.215
31/10/2023,1.2152
30/10/2023,1.2168
27/10/2023,1.2122
26/10/2023,1.2126
25/10/2023,1.2108
24/10/2023,1.2159
23/10/2023,1.2248
20/10/2023,1.216
19/10/2023,1.2143
18/10/2023,1.214
17/10/2023,1.2178
16/10/2023,1.2216
13/10/2023,1.2141
12/10/2023,1.2173
11/10/2023,1.2311
10/10/2023,1.2285
09/10/2023,1.2236
06/10/2023,1.2238
05/10/2023,1.219
04/10/2023,1.2128
03/10/2023,1.2075
02/10/2023,1.2086
29/9/2023,1.2197
28/9/2023,1.2197
27/9/2023,1.2134
26/9/2023,1.2157
25/9/2023,1.2211
22/9/2023,1.2238
21/9/2023,1.2294
20/9/2023,1.2344
19/9/2023,1.239
18/9/2023,1.2382
15/9/2023,1.2389
14/9/2023,1.2409
13/9/2023,1.2488
12/9/2023,1.2484
11/9/2023,1.2509
08/9/2023,1.2464
07/9/2023,1.2473
06/9/2023,1.2505
05/9/2023,1.2563
04/9/2023,1.2621
01/9/2023,1.2588
31/8/2023,1.2673
30/8/2023,1.2718
29/8/2023,1.2638
28/8/2023,1.2603
25/8/2023,1.2577
24/8/2023,1.2599
23/8/2023,1.2726
22/8/2023,1.273
21/8/2023,1.2754
18/8/2023,1.273
17/8/2023,1.2745
16/8/2023,1.2727
15/8/2023,1.2703
14/8/2023,1.268
11/8/2023,1.2694
10/8/2023,1.2675
09/8/2023,1.2718
08/8/2023,1.2746
07/8/2023,1.2784
04/8/2023,1.2748
03/8/2023,1.2713
02/8/2023,1.2709
01/8/2023,1.2777
31/7/2023,1.2837
28/7/2023,1.285
27/7/2023,1.2793
26/7/2023,1.2939
25/7/2023,1.29
24/7/2023,1.2832
21/7/2023,1.2855
20/7/2023,1.2865
19/7/2023,1.2937
18/7/2023,1.3034
17/7/2023,1.3071
14/7/2023,1.3086
13/7/2023,1.3133
12/7/2023,1.2986
11/7/2023,1.2932
10/7/2023,1.2859
07/7/2023,1.2836
06/7/2023,1.274
05/7/2023,1.2704
04/7/2023,1.2712
03/7/2023,1.2691
30/6/2023,1.2704
29/6/2023,1.2612
28/6/2023,1.264
27/6/2023,1.2746
26/6/2023,1.2712
23/6/2023,1.2711
22/6/2023,1.2746
21/6/2023,1.2769
20/6/2023,1.2761
19/6/2023,1.279
16/6/2023,1.2817
15/6/2023,1.2781
14/6/2023,1.2661
13/6/2023,1.2612
12/6/2023,1.2511
09/6/2023,1.2569
08/6/2023,1.2553
07/6/2023,1.2434
06/6/2023,1.2424
05/6/2023,1.2437
02/6/2023,1.2448
01/6/2023,1.2525
31/5/2023,1.2437
30/5/2023,1.2413
29/5/2023,1.2351
26/5/2023,1.2343
25/5/2023,1.2321
24/5/2023,1.2364
23/5/2023,1.241
22/5/2023,1.2437
19/5/2023,1.2444
18/5/2023,1.2408
17/5/2023,1.2486
16/5/2023,1.2485
15/5/2023,1.2527
12/5/2023,1.2457
11/5/2023,1.2509
10/5/2023,1.2624
09/5/2023,1.2619
08/5/2023,1.2617
05/5/2023,1.2641
04/5/2023,1.2572
03/5/2023,1.2564
02/5/2023,1.2464
01/5/2023,1.2496
28/4/2023,1.2572
27/4/2023,1.2487
26/4/2023,1.2467
25/4/2023,1.2408
24/4/2023,1.2482
21/4/2023,1.243
20/4/2023,1.2443
19/4/2023,1.2438
18/4/2023,1.2424
17/4/2023,1.2374
14/4/2023,1.2413
13/4/2023,1.252
12/4/2023,1.2481
11/4/2023,1.2424
10/4/2023,1.2381
07/4/2023,1.2413
06/4/2023,1.2439
05/4/2023,1.2457
04/4/2023,1.2499
03/4/2023,1.2411
31/3/2023,1.2333
30/3/2023,1.2383
29/3/2023,1.2311
28/3/2023,1.234
27/3/2023,1.2284
24/3/2023,1.223
23/3/2023,1.2285
22/3/2023,1.2264
21/3/2023,1.2214
20/3/2023,1.2276
17/3/2023,1.2175
16/3/2023,1.2107
15/3/2023,1.2065
14/3/2023,1.2158
13/3/2023,1.2181
10/3/2023,1.2028
09/3/2023,1.1925
08/3/2023,1.1842
07/3/2023,1.1827
06/3/2023,1.2021
03/3/2023,1.204
02/3/2023,1.1941
01/3/2023,1.2031
28/2/2023,1.202
27/2/2023,1.2062
24/2/2023,1.1944
23/2/2023,1.2013
22/2/2023,1.2044
21/2/2023,1.2115
20/2/2023,1.2038
17/2/2023,1.2035
16/2/2023,1.1993
15/2/2023,1.2026
14/2/2023,1.217
13/2/2023,1.2135
10/2/2023,1.2058
09/2/2023,1.2122
08/2/2023,1.2071
07/2/2023,1.2042
06/2/2023,1.2016
03/2/2023,1.2051
02/2/2023,1.2223
01/2/2023,1.2376
31/1/2023,1.232
30/1/2023,1.2352
27/1/2023,1.2397
26/1/2023,1.2406
25/1/2023,1.24
24/1/2023,1.2328
23/1/2023,1.2373
20/1/2023,1.2393
19/1/2023,1.2389
18/1/2023,1.2346
17/1/2023,1.2288
16/1/2023,1.2191
13/1/2023,1.2226
12/1/2023,1.22
11/1/2023,1.2142
10/1/2023,1.2155
09/1/2023,1.2183
06/1/2023,1.2092
05/1/2023,1.1906
04/1/2023,1.2053
03/1/2023,1.1966
02/1/2023,1.2045
30/12/2022,1.2097
29/12/2022,1.2052
28/12/2022,1.2013
27/12/2022,1.2021
26/12/2022,1.206
23/12/2022,1.2058
22/12/2022,1.2043
21/12/2022,1.2083
20/12/2022,1.2181
19/12/2022,1.2146
16/12/2022,1.214
15/12/2022,1.2176
14/12/2022,1.2421
13/12/2022,1.2354
12/12/2022,1.227
09/12/2022,1.2255
08/12/2022,1.2233
07/12/2022,1.2199
06/12/2022,1.2137
05/12/2022,1.2188
02/12/2022,1.2287
01/12/2022,1.2253
30/11/2022,1.2056
29/11/2022,1.1953
28/11/2022,1.1958
25/11/2022,1.2093
24/11/2022,1.211
23/11/2022,1.2052
22/11/2022,1.1883
21/11/2022,1.1821
18/11/2022,1.1884
17/11/2022,1.1862
16/11/2022,1.1908
15/11/2022,1.1858
14/11/2022,1.1752
11/11/2022,1.1835
10/11/2022,1.1713
09/11/2022,1.1356
08/11/2022,1.1536
07/11/2022,1.1511
04/11/2022,1.1375
03/11/2022,1.1165
02/11/2022,1.1389
01/11/2022,1.1483
31/10/2022,1.1469
28/10/2022,1.161
27/10/2022,1.1564
26/10/2022,1.1627
25/10/2022,1.1467
24/10/2022,1.1275
21/10/2022,1.1302
20/10/2022,1.1233
19/10/2022,1.1214
18/10/2022,1.1318
17/10/2022,1.1353
14/10/2022,1.117
13/10/2022,1.1329
12/10/2022,1.1103
11/10/2022,1.0963
10/10/2022,1.1055
07/10/2022,1.1084
06/10/2022,1.1158
05/10/2022,1.1326
04/10/2022,1.1473
03/10/2022,1.1322
30/9/2022,1.116
29/9/2022,1.1115
28/9/2022,1.0888
27/9/2022,1.0731
26/9/2022,1.0684
23/9/2022,1.0856
22/9/2022,1.1257
21/9/2022,1.1266
20/9/2022,1.1379
19/9/2022,1.1429
16/9/2022,1.1412
15/9/2022,1.1463
14/9/2022,1.1535
13/9/2022,1.1491
12/9/2022,1.1679
09/9/2022,1.1587
08/9/2022,1.15
07/9/2022,1.1525
06/9/2022,1.1516
05/9/2022,1.1513
02/9/2022,1.1507
01/9/2022,1.1542
31/8/2022,1.1622
30/8/2022,1.1655
29/8/2022,1.1707
26/8/2022,1.1747
25/8/2022,1.1829
24/8/2022,1.1797
23/8/2022,1.1831
22/8/2022,1.1765
19/8/2022,1.1827
18/8/2022,1.193
17/8/2022,1.2047
16/8/2022,1.2093
15/8/2022,1.2054
12/8/2022,1.213
11/8/2022,1.2212
10/8/2022,1.2225
09/8/2022,1.208
08/8/2022,1.2076
05/8/2022,1.2071
04/8/2022,1.2157
03/8/2022,1.2143
02/8/2022,1.2172
01/8/2022,1.2248
29/7/2022,1.2166
28/7/2022,1.2169
27/7/2022,1.2151
26/7/2022,1.2025
25/7/2022,1.2042
22/7/2022,1.2002
21/7/2022,1.1993
20/7/2022,1.1969
19/7/2022,1.1995
18/7/2022,1.1954
15/7/2022,1.1852
14/7/2022,1.1822
13/7/2022,1.1889
12/7/2022,1.1885
11/7/2022,1.1889
08/7/2022,1.2027
07/7/2022,1.2021
06/7/2022,1.193
05/7/2022,1.1957
04/7/2022,1.2105
01/7/2022,1.2094
30/6/2022,1.2175
29/6/2022,1.2125
28/6/2022,1.2182
27/6/2022,1.2264
24/6/2022,1.2262
23/6/2022,1.226
22/6/2022,1.2266
21/6/2022,1.2272
20/6/2022,1.225
17/6/2022,1.2224
16/6/2022,1.2351
15/6/2022,1.2178
14/6/2022,1.1993
13/6/2022,1.2134
10/6/2022,1.2314
09/6/2022,1.249
08/6/2022,1.2539
07/6/2022,1.2588
06/6/2022,1.253
03/6/2022,1.2485
02/6/2022,1.2576
01/6/2022,1.2482
31/5/2022,1.26
30/5/2022,1.265
27/5/2022,1.2616
26/5/2022,1.2594
25/5/2022,1.2564
24/5/2022,1.2529
23/5/2022,1.2588
20/5/2022,1.2487
19/5/2022,1.246
18/5/2022,1.2338
17/5/2022,1.249
16/5/2022,1.2317
13/5/2022,1.2261
12/5/2022,1.2199
11/5/2022,1.225
10/5/2022,1.2322
09/5/2022,1.2331
06/5/2022,1.2337
05/5/2022,1.2364
04/5/2022,1.2621
03/5/2022,1.2498
02/5/2022,1.2491
29/4/2022,1.2571
28/4/2022,1.2456
27/4/2022,1.2548
26/4/2022,1.2572
25/4/2022,1.274
22/4/2022,1.2837
21/4/2022,1.3028
20/4/2022,1.3066
19/4/2022,1.2996
18/4/2022,1.3008
15/4/2022,1.3058
14/4/2022,1.3065
13/4/2022,1.3115
12/4/2022,1.2997
11/4/2022,1.3029
08/4/2022,1.3031
07/4/2022,1.3073
06/4/2022,1.3068
05/4/2022,1.3068
04/4/2022,1.3113
01/4/2022,1.3112
31/3/2022,1.3133
30/3/2022,1.3131
29/3/2022,1.3084
28/3/2022,1.3084
25/3/2022,1.3188
24/3/2022,1.3183
23/3/2022,1.3203
22/3/2022,1.3263
21/3/2022,1.3165
18/3/2022,1.318
17/3/2022,1.3146
16/3/2022,1.3145
15/3/2022,1.3038
14/3/2022,1.3
11/3/2022,1.3036
10/3/2022,1.3083
09/3/2022,1.3179
08/3/2022,1.3103
07/3/2022,1.3102
04/3/2022,1.3225
03/3/2022,1.3346
02/3/2022,1.3403
01/3/2022,1.3321
28/2/2022,1.3419
25/2/2022,1.3405
24/2/2022,1.3375
23/2/2022,1.3542
22/2/2022,1.3582
21/2/2022,1.3598
18/2/2022,1.359
17/2/2022,1.3614
16/2/2022,1.3583
15/2/2022,1.3533
14/2/2022,1.3526
11/2/2022,1.356
10/2/2022,1.3555
09/2/2022,1.3532
08/2/2022,1.3541
07/2/2022,1.3534
04/2/2022,1.3529
03/2/2022,1.3595
02/2/2022,1.3577
01/2/2022,1.352
31/1/2022,1.3445
28/1/2022,1.3404
27/1/2022,1.3385
26/1/2022,1.3461
25/1/2022,1.3496
24/1/2022,1.3485
21/1/2022,1.3554
20/1/2022,1.3595
19/1/2022,1.3606
18/1/2022,1.3594
17/1/2022,1.3645
14/1/2022,1.3673
13/1/2022,1.3705
12/1/2022,1.3701
11/1/2022,1.3635
10/1/2022,1.3575
07/1/2022,1.3585
06/1/2022,1.3528
05/1/2022,1.3554
04/1/2022,1.3532
03/1/2022,1.3471
31/12/2021,1.3529
30/12/2021,1.3494
29/12/2021,1.3486
28/12/2021,1.3434
27/12/2021,1.3437
24/12/2021,1.3385
23/12/2021,1.3404
22/12/2021,1.3348
21/12/2021,1.3265
20/12/2021,1.3207
17/12/2021,1.3242
16/12/2021,1.3319
15/12/2021,1.3263
14/12/2021,1.3238
13/12/2021,1.3216
10/12/2021,1.3269
09/12/2021,1.3219
08/12/2021,1.3209
07/12/2021,1.3242
06/12/2021,1.3264
03/12/2021,1.3231
02/12/2021,1.3306
01/12/2021,1.3277
30/11/2021,1.3295
29/11/2021,1.3311
26/11/2021,1.334
25/11/2021,1.332
24/11/2021,1.3325
23/11/2021,1.3374
22/11/2021,1.3396
19/11/2021,1.3452
18/11/2021,1.3488
17/11/2021,1.348
16/11/2021,1.3427
15/11/2021,1.3418
12/11/2021,1.3413
11/11/2021,1.3371
10/11/2021,1.3401
09/11/2021,1.3554
08/11/2021,1.3561
05/11/2021,1.3494
04/11/2021,1.3498
03/11/2021,1.3684
02/11/2021,1.3614
01/11/2021,1.3672
29/10/2021,1.3691
28/10/2021,1.3788
27/10/2021,1.3746
26/10/2021,1.3766
25/10/2021,1.3768
22/10/2021,1.3751
21/10/2021,1.3791
20/10/2021,1.3824
19/10/2021,1.3795
18/10/2021,1.3725
15/10/2021,1.3749
14/10/2021,1.3673
13/10/2021,1.3659
12/10/2021,1.3585
11/10/2021,1.3595
08/10/2021,1.3611
07/10/2021,1.3617
06/10/2021,1.358
05/10/2021,1.3629
04/10/2021,1.3613
01/10/2021,1.3545
30/9/2021,1.3472
29/9/2021,1.3422
28/9/2021,1.3534
27/9/2021,1.3695
24/9/2021,1.3682
23/9/2021,1.3716
22/9/2021,1.3625
21/9/2021,1.3659
20/9/2021,1.3657
17/9/2021,1.3742
16/9/2021,1.3788
15/9/2021,1.3837
14/9/2021,1.3806
13/9/2021,1.3836
10/9/2021,1.3839
09/9/2021,1.3835
08/9/2021,1.3768
07/9/2021,1.3782
06/9/2021,1.3834
03/9/2021,1.3865
02/9/2021,1.3829
01/9/2021,1.3768
31/8/2021,1.3754
30/8/2021,1.3758
27/8/2021,1.3757
26/8/2021,1.3699
25/8/2021,1.3759
24/8/2021,1.3727
23/8/2021,1.3717
20/8/2021,1.3621
19/8/2021,1.3638
18/8/2021,1.3755
17/8/2021,1.3739
16/8/2021,1.385
13/8/2021,1.3863
12/8/2021,1.3804
11/8/2021,1.3872
10/8/2021,1.3843
09/8/2021,1.3844
06/8/2021,1.3871
05/8/2021,1.3928
04/8/2021,1.3885
03/8/2021,1.3914
02/8/2021,1.3881
30/7/2021,1.3901
29/7/2021,1.3961
28/7/2021,1.3898
27/7/2021,1.3874
26/7/2021,1.3816
23/7/2021,1.3745
22/7/2021,1.3763
21/7/2021,1.371
20/7/2021,1.3626
19/7/2021,1.3672
16/7/2021,1.3772
15/7/2021,1.3828
14/7/2021,1.3856
13/7/2021,1.3808
12/7/2021,1.388
09/7/2021,1.3899
08/7/2021,1.3785
07/7/2021,1.38
06/7/2021,1.3799
05/7/2021,1.3845
02/7/2021,1.3821
01/7/2021,1.3767
30/6/2021,1.3827
29/6/2021,1.3835
28/6/2021,1.3883
25/6/2021,1.3877
24/6/2021,1.3922
23/6/2021,1.3959
22/6/2021,1.3947
21/6/2021,1.3929
18/6/2021,1.3809
17/6/2021,1.3919
16/6/2021,1.3987
15/6/2021,1.408
14/6/2021,1.4112
11/6/2021,1.4106
10/6/2021,1.4173
09/6/2021,1.4118
08/6/2021,1.4155
07/6/2021,1.4178
04/6/2021,1.4154
03/6/2021,1.4103
02/6/2021,1.4168
01/6/2021,1.4146
31/5/2021,1.4209
28/5/2021,1.4187
27/5/2021,1.4205
26/5/2021,1.4118
25/5/2021,1.4151
24/5/2021,1.4155
21/5/2021,1.4147
20/5/2021,1.4189
19/5/2021,1.4113
18/5/2021,1.4187
17/5/2021,1.4134
14/5/2021,1.4096
13/5/2021,1.405
12/5/2021,1.4052
11/5/2021,1.4141
10/5/2021,1.412
07/5/2021,1.3972
06/5/2021,1.3885
05/5/2021,1.3903
04/5/2021,1.3885
03/5/2021,1.3909
30/4/2021,1.3814
29/4/2021,1.394
28/4/2021,1.3932
27/4/2021,1.3912
26/4/2021,1.3896
23/4/2021,1.3874
22/4/2021,1.3836
21/4/2021,1.3929
20/4/2021,1.3936
19/4/2021,1.3983
16/4/2021,1.383
15/4/2021,1.3786
14/4/2021,1.3778
13/4/2021,1.3748
12/4/2021,1.374
09/4/2021,1.3708
08/4/2021,1.3733
07/4/2021,1.3734
06/4/2021,1.3823
05/4/2021,1.3897
02/4/2021,1.3829
01/4/2021,1.383
31/3/2021,1.3779
30/3/2021,1.3739
29/3/2021,1.3759
26/3/2021,1.3787
25/3/2021,1.3732
24/3/2021,1.3683
23/3/2021,1.375
22/3/2021,1.3863
19/3/2021,1.3868
18/3/2021,1.392
17/3/2021,1.3963
16/3/2021,1.3887
15/3/2021,1.3893
12/3/2021,1.3922
11/3/2021,1.399
10/3/2021,1.393
09/3/2021,1.3893
08/3/2021,1.3824
05/3/2021,1.3841
04/3/2021,1.3894
03/3/2021,1.3953
02/3/2021,1.3953
01/3/2021,1.3922
26/2/2021,1.3932
25/2/2021,1.4013
24/2/2021,1.4139
23/2/2021,1.411
22/2/2021,1.4061
19/2/2021,1.4014
18/2/2021,1.3971
17/2/2021,1.3853
16/2/2021,1.3901
15/2/2021,1.3903
12/2/2021,1.3844
11/2/2021,1.3815
10/2/2021,1.3828
09/2/2021,1.3814
08/2/2021,1.3738
05/2/2021,1.3733
04/2/2021,1.367
03/2/2021,1.3644
02/2/2021,1.3665
01/2/2021,1.3661
29/1/2021,1.3702
28/1/2021,1.3718
27/1/2021,1.3686
26/1/2021,1.3733
25/1/2021,1.3674
22/1/2021,1.3684
21/1/2021,1.3732
20/1/2021,1.3653
19/1/2021,1.3628
18/1/2021,1.3584
15/1/2021,1.3586
14/1/2021,1.3687
13/1/2021,1.3637
12/1/2021,1.3663
11/1/2021,1.3514
08/1/2021,1.3563
07/1/2021,1.3563
06/1/2021,1.3607
05/1/2021,1.3624
04/1/2021,1.3569
01/1/2021,1.3671
31/12/2020,1.3673
30/12/2020,1.3622
29/12/2020,1.35
28/12/2020,1.3449
25/12/2020,1.3548
24/12/2020,1.3555
23/12/2020,1.3492
22/12/2020,1.336
21/12/2020,1.3463
18/12/2020,1.352
17/12/2020,1.3582
16/12/2020,1.3507
15/12/2020,1.3461
14/12/2020,1.3322
11/12/2020,1.3223
10/12/2020,1.3293
09/12/2020,1.3396
08/12/2020,1.3353
07/12/2020,1.3376
04/12/2020,1.3437
03/12/2020,1.3452
02/12/2020,1.3363
01/12/2020,1.3415
30/11/2020,1.3321
27/11/2020,1.3314
26/11/2020,1.3355
25/11/2020,1.3382
24/11/2020,1.3356
23/11/2020,1.3323
20/11/2020,1.3282
19/11/2020,1.3261
18/11/2020,1.3269
17/11/2020,1.3241
16/11/2020,1.3191
13/11/2020,1.3186
12/11/2020,1.3114
11/11/2020,1.3221
10/11/2020,1.3271
09/11/2020,1.3163
06/11/2020,1.3156
05/11/2020,1.3142
04/11/2020,1.2985
03/11/2020,1.3058
02/11/2020,1.2912
30/10/2020,1.2941
29/10/2020,1.2926
28/10/2020,1.2981
27/10/2020,1.3043
26/10/2020,1.3023
23/10/2020,1.304
22/10/2020,1.3081
21/10/2020,1.3144
20/10/2020,1.2944
19/10/2020,1.2947
16/10/2020,1.2913
15/10/2020,1.2914
14/10/2020,1.3011
13/10/2020,1.2934
12/10/2020,1.3064
09/10/2020,1.3046
08/10/2020,1.2933
07/10/2020,1.2918
06/10/2020,1.2877
05/10/2020,1.2977
02/10/2020,1.2931
01/10/2020,1.2889
30/9/2020,1.2916
29/9/2020,1.2861
28/9/2020,1.2827
25/9/2020,1.2745
24/9/2020,1.2749
23/9/2020,1.2722
22/9/2020,1.2731
21/9/2020,1.2814
18/9/2020,1.2915
17/9/2020,1.2972
16/9/2020,1.2965
15/9/2020,1.2886
14/9/2020,1.2844
11/9/2020,1.2793
10/9/2020,1.2803
09/9/2020,1.3
08/9/2020,1.2987
07/9/2020,1.3166
04/9/2020,1.3282
03/9/2020,1.328
02/9/2020,1.3352
01/9/2020,1.3381
31/8/2020,1.3369
28/8/2020,1.3349
27/8/2020,1.3198
26/8/2020,1.3208
25/8/2020,1.315
24/8/2020,1.3063
21/8/2020,1.3087
20/8/2020,1.3212
19/8/2020,1.3098
18/8/2020,1.3235
17/8/2020,1.3102
14/8/2020,1.3084
13/8/2020,1.3063
12/8/2020,1.3032
11/8/2020,1.3048
10/8/2020,1.307
07/8/2020,1.3051
06/8/2020,1.3146
05/8/2020,1.3112
04/8/2020,1.306
03/8/2020,1.3072
31/7/2020,1.3088
30/7/2020,1.3093
29/7/2020,1.2995
28/7/2020,1.293
27/7/2020,1.2881
24/7/2020,1.2789
23/7/2020,1.2739
22/7/2020,1.2732
21/7/2020,1.2728
20/7/2020,1.266
17/7/2020,1.2565
16/7/2020,1.2549
15/7/2020,1.258
14/7/2020,1.2548
13/7/2020,1.2552
10/7/2020,1.262
09/7/2020,1.2604
08/7/2020,1.2609
07/7/2020,1.254
06/7/2020,1.2491
03/7/2020,1.2483
02/7/2020,1.2466
01/7/2020,1.247
30/6/2020,1.2399
29/6/2020,1.2296
26/6/2020,1.2333
25/6/2020,1.2414
24/6/2020,1.2418
23/6/2020,1.2518
22/6/2020,1.2461
19/6/2020,1.2356
18/6/2020,1.2424
17/6/2020,1.2554
16/6/2020,1.2574
15/6/2020,1.2602
12/6/2020,1.254
11/6/2020,1.26
10/6/2020,1.2745
09/6/2020,1.2729
08/6/2020,1.2722
05/6/2020,1.2663
04/6/2020,1.2594
03/6/2020,1.2572
02/6/2020,1.2549
01/6/2020,1.2492
29/5/2020,1.2344
28/5/2020,1.2316
27/5/2020,1.225
26/5/2020,1.2331
25/5/2020,1.2182
22/5/2020,1.2164
21/5/2020,1.2222
20/5/2020,1.2239
19/5/2020,1.2251
18/5/2020,1.2189
15/5/2020,1.2104
14/5/2020,1.2226
13/5/2020,1.2229
12/5/2020,1.2259
11/5/2020,1.2335
08/5/2020,1.2407
07/5/2020,1.2361
06/5/2020,1.2341
05/5/2020,1.2434
04/5/2020,1.2442
01/5/2020,1.2502
30/4/2020,1.2592
29/4/2020,1.2464
28/4/2020,1.2421
27/4/2020,1.2428
24/4/2020,1.2367
23/4/2020,1.2342
22/4/2020,1.2332
21/4/2020,1.2293
20/4/2020,1.2435
17/4/2020,1.2499
16/4/2020,1.2455
15/4/2020,1.2514
14/4/2020,1.2623
13/4/2020,1.2507
10/4/2020,1.2452
09/4/2020,1.2455
08/4/2020,1.2385
07/4/2020,1.2337
06/4/2020,1.2229
03/4/2020,1.226
02/4/2020,1.2392
01/4/2020,1.2376
31/3/2020,1.2418
30/3/2020,1.2416
27/3/2020,1.2456
26/3/2020,1.2201
25/3/2020,1.1885
24/3/2020,1.1757
23/3/2020,1.1548
20/3/2020,1.1641
19/3/2020,1.1485
18/3/2020,1.1613
17/3/2020,1.205
16/3/2020,1.2266
13/3/2020,1.2276
12/3/2020,1.2571
11/3/2020,1.282
10/3/2020,1.2906
09/3/2020,1.3131
06/3/2020,1.3047
05/3/2020,1.2954
04/3/2020,1.287
03/3/2020,1.281
02/3/2020,1.275
28/2/2020,1.282
27/2/2020,1.2884
26/2/2020,1.2903
25/2/2020,1.3004
24/2/2020,1.2927
21/2/2020,1.2969
20/2/2020,1.2879
19/2/2020,1.2919
18/2/2020,1.2998
17/2/2020,1.3006
14/2/2020,1.3046
13/2/2020,1.3045
12/2/2020,1.296
11/2/2020,1.2951
10/2/2020,1.2913
07/2/2020,1.2891
06/2/2020,1.2928
05/2/2020,1.3
04/2/2020,1.3029
03/2/2020,1.2993
31/1/2020,1.3199
30/1/2020,1.3094
29/1/2020,1.302
28/1/2020,1.3027
27/1/2020,1.3053
24/1/2020,1.3076
23/1/2020,1.3121
22/1/2020,1.314
21/1/2020,1.3047
20/1/2020,1.3009
17/1/2020,1.3008
16/1/2020,1.3076
15/1/2020,1.3036
14/1/2020,1.3017
13/1/2020,1.2988
10/1/2020,1.3059
09/1/2020,1.3065
08/1/2020,1.3097
07/1/2020,1.3123
06/1/2020,1.3167
03/1/2020,1.3086
02/1/2020,1.3144
01/1/2020,1.3254
31/12/2019,1.3259
30/12/2019,1.3113
27/12/2019,1.3076
26/12/2019,1.2992
25/12/2019,1.296
24/12/2019,1.2944
23/12/2019,1.2933
20/12/2019,1.3002
19/12/2019,1.3007
18/12/2019,1.3076
17/12/2019,1.3128
16/12/2019,1.3329
13/12/2019,1.3325
12/12/2019,1.3162
11/12/2019,1.3193
10/12/2019,1.3154
09/12/2019,1.3143
06/12/2019,1.3135
05/12/2019,1.3155
04/12/2019,1.3103
03/12/2019,1.2992
02/12/2019,1.2936
29/11/2019,1.2933
28/11/2019,1.2911
27/11/2019,1.2921
26/11/2019,1.2865
25/11/2019,1.2898
22/11/2019,1.283
21/11/2019,1.2913
20/11/2019,1.2922
19/11/2019,1.2922
18/11/2019,1.2952
15/11/2019,1.2899
14/11/2019,1.2881
13/11/2019,1.2849
12/11/2019,1.2844
11/11/2019,1.2851
08/11/2019,1.277
07/11/2019,1.2813
06/11/2019,1.285
05/11/2019,1.2882
04/11/2019,1.2882
01/11/2019,1.2934
31/10/2019,1.294
30/10/2019,1.2901
29/10/2019,1.2865
28/10/2019,1.2862
25/10/2019,1.2821
24/10/2019,1.285
23/10/2019,1.2916
22/10/2019,1.2872
21/10/2019,1.2958
18/10/2019,1.2971
17/10/2019,1.2888
16/10/2019,1.283
15/10/2019,1.2786
14/10/2019,1.2606
11/10/2019,1.2647
10/10/2019,1.244
09/10/2019,1.2204
08/10/2019,1.2217
07/10/2019,1.229
04/10/2019,1.2332
03/10/2019,1.2328
02/10/2019,1.23
01/10/2019,1.2301
30/9/2019,1.2287
27/9/2019,1.2288
26/9/2019,1.2322
25/9/2019,1.2349
24/9/2019,1.2488
23/9/2019,1.2429
20/9/2019,1.2477
19/9/2019,1.2524
18/9/2019,1.2468
17/9/2019,1.25
16/9/2019,1.2428
13/9/2019,1.25
12/9/2019,1.2332
11/9/2019,1.2326
10/9/2019,1.2346
09/9/2019,1.2345
06/9/2019,1.2281
05/9/2019,1.2329
04/9/2019,1.225
03/9/2019,1.2084
02/9/2019,1.2066
30/8/2019,1.2156
29/8/2019,1.2188
28/8/2019,1.2209
27/8/2019,1.2287
26/8/2019,1.2215
23/8/2019,1.2277
22/8/2019,1.225
21/8/2019,1.2126
20/8/2019,1.2168
19/8/2019,1.2125
16/8/2019,1.2149
15/8/2019,1.2084
14/8/2019,1.2059
13/8/2019,1.2058
12/8/2019,1.2073
09/8/2019,1.2034
08/8/2019,1.2131
07/8/2019,1.214
06/8/2019,1.2166
05/8/2019,1.2141
02/8/2019,1.2154
01/8/2019,1.2131
31/7/2019,1.2157
30/7/2019,1.2149
29/7/2019,1.2217
26/7/2019,1.238
25/7/2019,1.2454
24/7/2019,1.2481
23/7/2019,1.2436
22/7/2019,1.2474
19/7/2019,1.25
18/7/2019,1.2546
17/7/2019,1.2431
16/7/2019,1.2403
15/7/2019,1.2514
12/7/2019,1.2573
11/7/2019,1.2519
10/7/2019,1.2499
09/7/2019,1.2465
08/7/2019,1.251
05/7/2019,1.2523
04/7/2019,1.2576
03/7/2019,1.2571
02/7/2019,1.2591
01/7/2019,1.2638
28/6/2019,1.2693
27/6/2019,1.2675
26/6/2019,1.2688
25/6/2019,1.2697
24/6/2019,1.2739
21/6/2019,1.274
20/6/2019,1.2699
19/6/2019,1.2639
18/6/2019,1.2556
17/6/2019,1.2532
14/6/2019,1.259
13/6/2019,1.2672
12/6/2019,1.2686
11/6/2019,1.2722
10/6/2019,1.2683
07/6/2019,1.2734
06/6/2019,1.2699
05/6/2019,1.2684
04/6/2019,1.2696
03/6/2019,1.2663
31/5/2019,1.2631
30/5/2019,1.2606
29/5/2019,1.2625
28/5/2019,1.2652
27/5/2019,1.2677
24/5/2019,1.2712
23/5/2019,1.2654
22/5/2019,1.2661
21/5/2019,1.2705
20/5/2019,1.2726
17/5/2019,1.2718
16/5/2019,1.2795
15/5/2019,1.2848
14/5/2019,1.2904
13/5/2019,1.2955
10/5/2019,1.2999
09/5/2019,1.3013
08/5/2019,1.3006
07/5/2019,1.3074
06/5/2019,1.3095
03/5/2019,1.3171
02/5/2019,1.3034
01/5/2019,1.3049
30/4/2019,1.3031
29/4/2019,1.2936
26/4/2019,1.2917
25/4/2019,1.2897
24/4/2019,1.29
23/4/2019,1.2937
22/4/2019,1.2982
19/4/2019,1.2988
18/4/2019,1.2996
17/4/2019,1.3043
16/4/2019,1.3048
15/4/2019,1.3097
12/4/2019,1.3081
11/4/2019,1.3054
10/4/2019,1.3089
09/4/2019,1.306
08/4/2019,1.3062
05/4/2019,1.3036
04/4/2019,1.3077
03/4/2019,1.3159
02/4/2019,1.3127
01/4/2019,1.3099
29/3/2019,1.3031
28/3/2019,1.3043
27/3/2019,1.3189
26/3/2019,1.3207
25/3/2019,1.3202
22/3/2019,1.3209
21/3/2019,1.3107
20/3/2019,1.3196
19/3/2019,1.3267
18/3/2019,1.3255
15/3/2019,1.3289
14/3/2019,1.3239
13/3/2019,1.3337
12/3/2019,1.3073
11/3/2019,1.3151
08/3/2019,1.3015
07/3/2019,1.3084
06/3/2019,1.3169
05/3/2019,1.3175
04/3/2019,1.3186
01/3/2019,1.3202
28/2/2019,1.3261
27/2/2019,1.3308
26/2/2019,1.325
25/2/2019,1.3095
22/2/2019,1.3052
21/2/2019,1.3049
20/2/2019,1.3049
19/2/2019,1.3062
18/2/2019,1.2921
15/2/2019,1.2889
14/2/2019,1.2811
13/2/2019,1.2844
12/2/2019,1.289
11/2/2019,1.2849
08/2/2019,1.2947
07/2/2019,1.2953
06/2/2019,1.2932
05/2/2019,1.2942
04/2/2019,1.3035
01/2/2019,1.3083
31/1/2019,1.31
30/1/2019,1.3116
29/1/2019,1.3066
28/1/2019,1.3162
25/1/2019,1.3201
24/1/2019,1.3064
23/1/2019,1.3067
22/1/2019,1.2957
21/1/2019,1.289
18/1/2019,1.2873
17/1/2019,1.2984
16/1/2019,1.2881
15/1/2019,1.2858
14/1/2019,1.2863
11/1/2019,1.2841
10/1/2019,1.2747
09/1/2019,1.2788
08/1/2019,1.2717
07/1/2019,1.2778
04/1/2019,1.2726
03/1/2019,1.2631
02/1/2019,1.2607
01/1/2019,1.2751
31/12/2018,1.2757
28/12/2018,1.2705
27/12/2018,1.2642
26/12/2018,1.2632
25/12/2018,1.2684
24/12/2018,1.2722
21/12/2018,1.263
20/12/2018,1.2655
19/12/2018,1.2607
18/12/2018,1.2644
17/12/2018,1.2625
14/12/2018,1.2583
13/12/2018,1.2655
12/12/2018,1.2629
11/12/2018,1.2484
10/12/2018,1.2559
07/12/2018,1.2726
06/12/2018,1.2782
05/12/2018,1.2731
04/12/2018,1.2718
03/12/2018,1.2722
30/11/2018,1.2751
29/11/2018,1.2792
28/11/2018,1.2824
27/11/2018,1.2747
26/11/2018,1.2833
23/11/2018,1.2812
22/11/2018,1.2876
21/11/2018,1.2775
20/11/2018,1.2786
19/11/2018,1.2849
16/11/2018,1.2837
15/11/2018,1.2774
14/11/2018,1.2994
13/11/2018,1.2971
12/11/2018,1.2847
09/11/2018,1.2974
08/11/2018,1.3061
07/11/2018,1.3124
06/11/2018,1.3097
05/11/2018,1.304
02/11/2018,1.297
01/11/2018,1.3009
31/10/2018,1.2765
30/10/2018,1.2704
29/10/2018,1.2791
26/10/2018,1.2831
25/10/2018,1.2815
24/10/2018,1.288
23/10/2018,1.2982
22/10/2018,1.2961
19/10/2018,1.307
18/10/2018,1.3017
17/10/2018,1.3113
16/10/2018,1.3184
15/10/2018,1.315
12/10/2018,1.3154
11/10/2018,1.3233
10/10/2018,1.3194
09/10/2018,1.3142
08/10/2018,1.3088
05/10/2018,1.3122
04/10/2018,1.3018
03/10/2018,1.2938
02/10/2018,1.2977
01/10/2018,1.3041
28/9/2018,1.3028
27/9/2018,1.308
26/9/2018,1.3168
25/9/2018,1.3181
24/9/2018,1.3119
21/9/2018,1.3076
20/9/2018,1.3265
19/9/2018,1.3142
18/9/2018,1.3147
17/9/2018,1.3156
14/9/2018,1.3066
13/9/2018,1.3105
12/9/2018,1.3046
11/9/2018,1.3033
10/9/2018,1.3025
07/9/2018,1.2921
06/9/2018,1.293
05/9/2018,1.2902
04/9/2018,1.2854
03/9/2018,1.287
31/8/2018,1.2961
30/8/2018,1.3008
29/8/2018,1.3024
28/8/2018,1.2875
27/8/2018,1.2891
24/8/2018,1.2843
23/8/2018,1.281
22/8/2018,1.2909
21/8/2018,1.2899
20/8/2018,1.2796
17/8/2018,1.275
16/8/2018,1.2717
15/8/2018,1.2696
14/8/2018,1.2723
13/8/2018,1.2766
10/8/2018,1.2767
09/8/2018,1.2822
08/8/2018,1.2879
07/8/2018,1.2937
06/8/2018,1.2941
03/8/2018,1.3005
02/8/2018,1.3017
01/8/2018,1.3124
31/7/2018,1.3124
30/7/2018,1.3131
27/7/2018,1.3103
26/7/2018,1.3107
25/7/2018,1.3187
24/7/2018,1.3143
23/7/2018,1.3101
20/7/2018,1.3132
19/7/2018,1.3012
18/7/2018,1.3068
17/7/2018,1.3112
16/7/2018,1.3233
13/7/2018,1.3232
12/7/2018,1.3204
11/7/2018,1.3203
10/7/2018,1.3274
09/7/2018,1.3257
06/7/2018,1.3283
05/7/2018,1.3225
04/7/2018,1.323
03/7/2018,1.3191
02/7/2018,1.3141
29/6/2018,1.3207
28/6/2018,1.3076
27/6/2018,1.311
26/6/2018,1.3226
25/6/2018,1.3274
22/6/2018,1.3268
21/6/2018,1.325
20/6/2018,1.3171
19/6/2018,1.3178
18/6/2018,1.3242
15/6/2018,1.3283
14/6/2018,1.3261
13/6/2018,1.3374
12/6/2018,1.337
11/6/2018,1.3373
08/6/2018,1.341
07/6/2018,1.342
06/6/2018,1.3411
05/6/2018,1.3394
04/6/2018,1.3311
01/6/2018,1.3347
31/5/2018,1.3298
30/5/2018,1.3289
29/5/2018,1.3251
28/5/2018,1.3311
25/5/2018,1.3307
24/5/2018,1.3379
23/5/2018,1.3346
22/5/2018,1.3434
21/5/2018,1.3428
18/5/2018,1.3471
17/5/2018,1.3515
16/5/2018,1.3485
15/5/2018,1.3504
14/5/2018,1.3554
11/5/2018,1.3541
10/5/2018,1.3516
09/5/2018,1.3544
08/5/2018,1.3544
07/5/2018,1.3555
04/5/2018,1.353
03/5/2018,1.3574
02/5/2018,1.3576
01/5/2018,1.3611
30/4/2018,1.3769
27/4/2018,1.3778
26/4/2018,1.3914
25/4/2018,1.3929
24/4/2018,1.3975
23/4/2018,1.3939
20/4/2018,1.4003
19/4/2018,1.409
18/4/2018,1.4201
17/4/2018,1.4286
16/4/2018,1.4335
13/4/2018,1.4239
12/4/2018,1.4225
11/4/2018,1.4176
10/4/2018,1.4172
09/4/2018,1.4129
06/4/2018,1.409
05/4/2018,1.4001
04/4/2018,1.408
03/4/2018,1.4056
02/4/2018,1.4043
30/3/2018,1.4015
29/3/2018,1.4015
28/3/2018,1.4076
27/3/2018,1.4154
26/3/2018,1.4226
23/3/2018,1.4132
22/3/2018,1.4094
21/3/2018,1.4139
20/3/2018,1.3997
19/3/2018,1.4023
16/3/2018,1.3939
15/3/2018,1.3936
14/3/2018,1.3959
13/3/2018,1.3959
12/3/2018,1.3905
09/3/2018,1.3847
08/3/2018,1.381
07/3/2018,1.3899
06/3/2018,1.3885
05/3/2018,1.3848
02/3/2018,1.3802
01/3/2018,1.3774
28/2/2018,1.376
27/2/2018,1.3907
26/2/2018,1.3965
23/2/2018,1.3965
22/2/2018,1.3954
21/2/2018,1.3917
20/2/2018,1.3994
19/2/2018,1.4003
16/2/2018,1.404
15/2/2018,1.4096
14/2/2018,1.3996
13/2/2018,1.389
12/2/2018,1.3835
09/2/2018,1.3835
08/2/2018,1.3911
07/2/2018,1.388
06/2/2018,1.3947
05/2/2018,1.3957
02/2/2018,1.412
01/2/2018,1.4264
31/1/2018,1.419
30/1/2018,1.4145
29/1/2018,1.4072
26/1/2018,1.4168
25/1/2018,1.4145
24/1/2018,1.4241
23/1/2018,1.3999
22/1/2018,1.3985
19/1/2018,1.3849
18/1/2018,1.3891
17/1/2018,1.3825
16/1/2018,1.3791
15/1/2018,1.3789
12/1/2018,1.3727
11/1/2018,1.3536
10/1/2018,1.3505
09/1/2018,1.3539
08/1/2018,1.3566
05/1/2018,1.3568
04/1/2018,1.3551
03/1/2018,1.3514
02/1/2018,1.3586
01/1/2018,1.3501
29/12/2017,1.3512
28/12/2017,1.3442
27/12/2017,1.3395
26/12/2017,1.3372
25/12/2017,1.3368
22/12/2017,1.336
21/12/2017,1.3384
20/12/2017,1.3373
19/12/2017,1.3383
18/12/2017,1.338
15/12/2017,1.3319
14/12/2017,1.343
13/12/2017,1.3418
12/12/2017,1.3315
11/12/2017,1.3337
08/12/2017,1.3389
07/12/2017,1.3473
06/12/2017,1.3392
05/12/2017,1.3442
04/12/2017,1.3478
01/12/2017,1.347
30/11/2017,1.3525
29/11/2017,1.3406
28/11/2017,1.3336
27/11/2017,1.3316
24/11/2017,1.3335
23/11/2017,1.3307
22/11/2017,1.3324
21/11/2017,1.3237
20/11/2017,1.3233
17/11/2017,1.3211
16/11/2017,1.3193
15/11/2017,1.3168
14/11/2017,1.3163
13/11/2017,1.3114
10/11/2017,1.3188
09/11/2017,1.3149
08/11/2017,1.3113
07/11/2017,1.3165
06/11/2017,1.317
03/11/2017,1.3074
02/11/2017,1.3057
01/11/2017,1.3244
31/10/2017,1.3282
30/10/2017,1.3207
27/10/2017,1.3127
26/10/2017,1.3158
25/10/2017,1.3262
24/10/2017,1.3134
23/10/2017,1.3196
20/10/2017,1.3188
19/10/2017,1.3157
18/10/2017,1.3203
17/10/2017,1.3189
16/10/2017,1.3248
13/10/2017,1.3284
12/10/2017,1.326
11/10/2017,1.3221
10/10/2017,1.3202
09/10/2017,1.314
06/10/2017,1.3063
05/10/2017,1.3117
04/10/2017,1.3243
03/10/2017,1.3234
02/10/2017,1.3275
29/9/2017,1.3396
28/9/2017,1.344
27/9/2017,1.3384
26/9/2017,1.3456
25/9/2017,1.3465
22/9/2017,1.3491
21/9/2017,1.3578
20/9/2017,1.3492
19/9/2017,1.3507
18/9/2017,1.3492
15/9/2017,1.3591
14/9/2017,1.3395
13/9/2017,1.3209
12/9/2017,1.3282
11/9/2017,1.3162
08/9/2017,1.3197
07/9/2017,1.3099
06/9/2017,1.3041
05/9/2017,1.3031
04/9/2017,1.2931
01/9/2017,1.2949
31/8/2017,1.2929
30/8/2017,1.2924
29/8/2017,1.2919
28/8/2017,1.2931
25/8/2017,1.2884
24/8/2017,1.2799
23/8/2017,1.2798
22/8/2017,1.2823
21/8/2017,1.2899
18/8/2017,1.2871
17/8/2017,1.2863
16/8/2017,1.2888
15/8/2017,1.2869
14/8/2017,1.2963
11/8/2017,1.3011
10/8/2017,1.2974
09/8/2017,1.3004
08/8/2017,1.2989
07/8/2017,1.3032
04/8/2017,1.3035
03/8/2017,1.3137
02/8/2017,1.3221
01/8/2017,1.3199
31/7/2017,1.3212
28/7/2017,1.3131
27/7/2017,1.3066
26/7/2017,1.3119
25/7/2017,1.3023
24/7/2017,1.3026
21/7/2017,1.2992
20/7/2017,1.297
19/7/2017,1.3017
18/7/2017,1.3038
17/7/2017,1.3054
14/7/2017,1.3095
13/7/2017,1.2935
12/7/2017,1.2882
11/7/2017,1.2844
10/7/2017,1.2875
07/7/2017,1.2889
06/7/2017,1.2969
05/7/2017,1.2934
04/7/2017,1.2916
03/7/2017,1.2936
30/6/2017,1.3025
29/6/2017,1.3004
28/6/2017,1.2924
27/6/2017,1.2814
26/6/2017,1.272
23/6/2017,1.2716
22/6/2017,1.2681
21/6/2017,1.2668
20/6/2017,1.2629
19/6/2017,1.2732
16/6/2017,1.2774
15/6/2017,1.2754
14/6/2017,1.2751
13/6/2017,1.275
12/6/2017,1.2655
09/6/2017,1.274
08/6/2017,1.2951
07/6/2017,1.2959
06/6/2017,1.2907
05/6/2017,1.2901
02/6/2017,1.2882
01/6/2017,1.2879
31/5/2017,1.2888
30/5/2017,1.2857
29/5/2017,1.2838
26/5/2017,1.2802
25/5/2017,1.2939
24/5/2017,1.2973
23/5/2017,1.2959
22/5/2017,1.2998
19/5/2017,1.3034
18/5/2017,1.2936
17/5/2017,1.2969
16/5/2017,1.2916
15/5/2017,1.2893
12/5/2017,1.289
11/5/2017,1.2881
10/5/2017,1.2936
09/5/2017,1.2933
08/5/2017,1.2938
05/5/2017,1.2979
04/5/2017,1.292
03/5/2017,1.2863
02/5/2017,1.2935
01/5/2017,1.2885
28/4/2017,1.2946
27/4/2017,1.2902
26/4/2017,1.2846
25/4/2017,1.284
24/4/2017,1.2793
21/4/2017,1.2812
20/4/2017,1.2808
19/4/2017,1.2777
18/4/2017,1.2836
17/4/2017,1.2561
14/4/2017,1.2522
13/4/2017,1.2505
12/4/2017,1.2538
11/4/2017,1.2488
10/4/2017,1.241
07/4/2017,1.2372
06/4/2017,1.2466
05/4/2017,1.248
04/4/2017,1.2439
03/4/2017,1.2486
31/3/2017,1.2545
30/3/2017,1.2465
29/3/2017,1.2432
28/3/2017,1.2448
27/3/2017,1.2553
24/3/2017,1.2468
23/3/2017,1.2519
22/3/2017,1.2482
21/3/2017,1.2477
20/3/2017,1.2356
17/3/2017,1.2392
16/3/2017,1.2358
15/3/2017,1.2291
14/3/2017,1.2152
13/3/2017,1.2218
10/3/2017,1.2169
09/3/2017,1.2166
08/3/2017,1.2168
07/3/2017,1.2199
06/3/2017,1.2235
03/3/2017,1.229
02/3/2017,1.2265
01/3/2017,1.2293
28/2/2017,1.238
27/2/2017,1.2442
24/2/2017,1.2465
23/2/2017,1.2552
22/2/2017,1.2449
21/2/2017,1.2472
20/2/2017,1.246
17/2/2017,1.2412
16/2/2017,1.2487
15/2/2017,1.2458
14/2/2017,1.2467
13/2/2017,1.2526
10/2/2017,1.2489
09/2/2017,1.2494
08/2/2017,1.2537
07/2/2017,1.251
06/2/2017,1.2469
03/2/2017,1.2485
02/2/2017,1.252
01/2/2017,1.2652
31/1/2017,1.2577
30/1/2017,1.2482
27/1/2017,1.2546
26/1/2017,1.2586
25/1/2017,1.263
24/1/2017,1.252
23/1/2017,1.2531
20/1/2017,1.2374
19/1/2017,1.2341
18/1/2017,1.2257
17/1/2017,1.2413
16/1/2017,1.2043
13/1/2017,1.2176
12/1/2017,1.2161
11/1/2017,1.2211
10/1/2017,1.2176
09/1/2017,1.216
06/1/2017,1.228
05/1/2017,1.2413
04/1/2017,1.2317
03/1/2017,1.2237
02/1/2017,1.2275
30/12/2016,1.2336
29/12/2016,1.2257
28/12/2016,1.2224
27/12/2016,1.227
26/12/2016,1.2281
23/12/2016,1.229
22/12/2016,1.2282
21/12/2016,1.2352
20/12/2016,1.2365
19/12/2016,1.2398
16/12/2016,1.2487
15/12/2016,1.2415
14/12/2016,1.2563
13/12/2016,1.2656
12/12/2016,1.2675
09/12/2016,1.2574
08/12/2016,1.2584
07/12/2016,1.262
06/12/2016,1.2675
05/12/2016,1.2732
02/12/2016,1.2719
01/12/2016,1.2591
30/11/2016,1.2504
29/11/2016,1.2488
28/11/2016,1.2413
25/11/2016,1.2474
24/11/2016,1.2448
23/11/2016,1.2438
22/11/2016,1.2422
21/11/2016,1.249
18/11/2016,1.2343
17/11/2016,1.2415
16/11/2016,1.2441
15/11/2016,1.2453
14/11/2016,1.2485
11/11/2016,1.2599
10/11/2016,1.2554
09/11/2016,1.2404
08/11/2016,1.2377
07/11/2016,1.2396
04/11/2016,1.2517
03/11/2016,1.246
02/11/2016,1.2297
01/11/2016,1.2241
31/10/2016,1.2242
28/10/2016,1.218
27/10/2016,1.2161
26/10/2016,1.2246
25/10/2016,1.2186
24/10/2016,1.2235
21/10/2016,1.2233
20/10/2016,1.225
19/10/2016,1.2281
18/10/2016,1.2296
17/10/2016,1.2181
14/10/2016,1.2185
13/10/2016,1.2251
12/10/2016,1.2206
11/10/2016,1.2117
10/10/2016,1.2358
07/10/2016,1.2432
06/10/2016,1.2614
05/10/2016,1.2748
04/10/2016,1.2726
03/10/2016,1.2841
30/9/2016,1.2975
29/9/2016,1.2967
28/9/2016,1.3017
27/9/2016,1.302
26/9/2016,1.2975
23/9/2016,1.2972
22/9/2016,1.3073
21/9/2016,1.3025
20/9/2016,1.2988
19/9/2016,1.3025
16/9/2016,1.2995
15/9/2016,1.3237
14/9/2016,1.3233
13/9/2016,1.3193
12/9/2016,1.3333
09/9/2016,1.3262
08/9/2016,1.3294
07/9/2016,1.3337
06/9/2016,1.3437
05/9/2016,1.33
02/9/2016,1.3288
01/9/2016,1.3267
31/8/2016,1.3137
30/8/2016,1.3081
29/8/2016,1.3102
26/8/2016,1.3137
25/8/2016,1.3189
24/8/2016,1.3231
23/8/2016,1.3191
22/8/2016,1.3137
19/8/2016,1.3074
18/8/2016,1.3166
17/8/2016,1.3039
16/8/2016,1.3044
15/8/2016,1.2879
12/8/2016,1.2918
11/8/2016,1.2954
10/8/2016,1.3009
09/8/2016,1.3
08/8/2016,1.3038
05/8/2016,1.3068
04/8/2016,1.3103
03/8/2016,1.3326
02/8/2016,1.3355
01/8/2016,1.3173
29/7/2016,1.3226
28/7/2016,1.3163
27/7/2016,1.322
26/7/2016,1.3127
25/7/2016,1.314
22/7/2016,1.3106
21/7/2016,1.3232
20/7/2016,1.3208
19/7/2016,1.311
18/7/2016,1.3255
15/7/2016,1.3191
14/7/2016,1.3338
13/7/2016,1.3145
12/7/2016,1.3242
11/7/2016,1.2993
08/7/2016,1.2954
07/7/2016,1.2907
06/7/2016,1.2929
05/7/2016,1.3021
04/7/2016,1.3289
01/7/2016,1.3261
30/6/2016,1.3306
29/6/2016,1.3424
28/6/2016,1.334
27/6/2016,1.3218
24/6/2016,1.3678
23/6/2016,1.4878
22/6/2016,1.4703
21/6/2016,1.4645
20/6/2016,1.4694
17/6/2016,1.4356
16/6/2016,1.4201
15/6/2016,1.4202
14/6/2016,1.4114
13/6/2016,1.4271
10/6/2016,1.4256
09/6/2016,1.4457
08/6/2016,1.4501
07/6/2016,1.4542
06/6/2016,1.4436
03/6/2016,1.4519
02/6/2016,1.4422
01/6/2016,1.4414
31/5/2016,1.4477
30/5/2016,1.4638
27/5/2016,1.462
26/5/2016,1.4664
25/5/2016,1.4694
24/5/2016,1.463
23/5/2016,1.4482
20/5/2016,1.45
19/5/2016,1.4607
18/5/2016,1.4595
17/5/2016,1.4462
16/5/2016,1.4396
13/5/2016,1.4361
12/5/2016,1.4445
11/5/2016,1.4446
10/5/2016,1.444
09/5/2016,1.4406
06/5/2016,1.4428
05/5/2016,1.4481
04/5/2016,1.4491
03/5/2016,1.4533
02/5/2016,1.4671
29/4/2016,1.4611
28/4/2016,1.4608
27/4/2016,1.4538
26/4/2016,1.458
25/4/2016,1.448
22/4/2016,1.4401
21/4/2016,1.4321
20/4/2016,1.4331
19/4/2016,1.4392
18/4/2016,1.4273
15/4/2016,1.4194
14/4/2016,1.4153
13/4/2016,1.4202
12/4/2016,1.4273
11/4/2016,1.4239
08/4/2016,1.4122
07/4/2016,1.4054
06/4/2016,1.412
05/4/2016,1.4159
04/4/2016,1.4262
01/4/2016,1.422
31/3/2016,1.4358
30/3/2016,1.4376
29/3/2016,1.438
28/3/2016,1.4252
25/3/2016,1.4142
24/3/2016,1.4152
23/3/2016,1.4115
22/3/2016,1.4206
21/3/2016,1.4366
18/3/2016,1.4478
17/3/2016,1.4478
16/3/2016,1.4257
15/3/2016,1.4151
14/3/2016,1.43
11/3/2016,1.4385
10/3/2016,1.4275
09/3/2016,1.4215
08/3/2016,1.4214
07/3/2016,1.4263
04/3/2016,1.4225
03/3/2016,1.4177
02/3/2016,1.4076
01/3/2016,1.3946
29/2/2016,1.3915
26/2/2016,1.3868
25/2/2016,1.3962
24/2/2016,1.3926
23/2/2016,1.4022
22/2/2016,1.4148
19/2/2016,1.4404
18/2/2016,1.4331
17/2/2016,1.4294
16/2/2016,1.4303
15/2/2016,1.4433
12/2/2016,1.4505
11/2/2016,1.4475
10/2/2016,1.452
09/2/2016,1.4471
08/2/2016,1.4431
05/2/2016,1.45
04/2/2016,1.4587
03/2/2016,1.4599
02/2/2016,1.4408
01/2/2016,1.4429
29/1/2016,1.4245
28/1/2016,1.4357
27/1/2016,1.4229
26/1/2016,1.435
25/1/2016,1.4247
22/1/2016,1.4263
21/1/2016,1.4217
20/1/2016,1.419
19/1/2016,1.4155
18/1/2016,1.4241
15/1/2016,1.4254
14/1/2016,1.4413
13/1/2016,1.4406
12/1/2016,1.4443
11/1/2016,1.4538
08/1/2016,1.4517
07/1/2016,1.4615
06/1/2016,1.4626
05/1/2016,1.4671
04/1/2016,1.4715
01/1/2016,1.4743
31/12/2015,1.4738
30/12/2015,1.4812
29/12/2015,1.4811
28/12/2015,1.4876
25/12/2015,1.4932
24/12/2015,1.4915
23/12/2015,1.4868
22/12/2015,1.4824
21/12/2015,1.4878
18/12/2015,1.4892
17/12/2015,1.49
16/12/2015,1.4999
15/12/2015,1.5034
14/12/2015,1.514
11/12/2015,1.5215
10/12/2015,1.5158
09/12/2015,1.518
08/12/2015,1.5006
07/12/2015,1.5052
04/12/2015,1.511
03/12/2015,1.5143
02/12/2015,1.4948
01/12/2015,1.508
30/11/2015,1.5054
27/11/2015,1.5035
26/11/2015,1.51
25/11/2015,1.5126
24/11/2015,1.5083
23/11/2015,1.5122
20/11/2015,1.5189
19/11/2015,1.5289
18/11/2015,1.5236
17/11/2015,1.5212
16/11/2015,1.5198
13/11/2015,1.5231
12/11/2015,1.523
11/11/2015,1.5207
10/11/2015,1.5116
09/11/2015,1.5114
06/11/2015,1.5047
05/11/2015,1.5205
04/11/2015,1.5382
03/11/2015,1.5418
02/11/2015,1.5415
30/10/2015,1.5428
29/10/2015,1.5307
28/10/2015,1.526
27/10/2015,1.5295
26/10/2015,1.5349
23/10/2015,1.5313
22/10/2015,1.5392
21/10/2015,1.5416
20/10/2015,1.544
19/10/2015,1.5461
16/10/2015,1.5434
15/10/2015,1.5452
14/10/2015,1.5473
13/10/2015,1.5245
12/10/2015,1.5344
09/10/2015,1.5303
08/10/2015,1.5344
07/10/2015,1.5314
06/10/2015,1.5221
05/10/2015,1.5143
02/10/2015,1.5181
01/10/2015,1.5128
30/9/2015,1.5127
29/9/2015,1.5147
28/9/2015,1.5171
25/9/2015,1.5181
24/9/2015,1.524
23/9/2015,1.5243
22/9/2015,1.5362
21/9/2015,1.5505
18/9/2015,1.5531
17/9/2015,1.5587
16/9/2015,1.5492
15/9/2015,1.5341
14/9/2015,1.5424
11/9/2015,1.5427
10/9/2015,1.5443
09/9/2015,1.5363
08/9/2015,1.5395
07/9/2015,1.5269
04/9/2015,1.5168
03/9/2015,1.5255
02/9/2015,1.5299
01/9/2015,1.5302
31/8/2015,1.5342
28/8/2015,1.5391
27/8/2015,1.5399
26/8/2015,1.5458
25/8/2015,1.5686
24/8/2015,1.5774
21/8/2015,1.5695
20/8/2015,1.5687
19/8/2015,1.5678
18/8/2015,1.5656
17/8/2015,1.5582
14/8/2015,1.5643
13/8/2015,1.5607
12/8/2015,1.5612
11/8/2015,1.5572
10/8/2015,1.5586
07/8/2015,1.5495
06/8/2015,1.551
05/8/2015,1.56
04/8/2015,1.556
03/8/2015,1.5584
31/7/2015,1.5622
30/7/2015,1.5599
29/7/2015,1.5602
28/7/2015,1.5609
27/7/2015,1.5556
24/7/2015,1.5512
23/7/2015,1.5511
22/7/2015,1.5613
21/7/2015,1.5557
20/7/2015,1.5563
17/7/2015,1.5608
16/7/2015,1.5605
15/7/2015,1.5635
14/7/2015,1.563
13/7/2015,1.5486
10/7/2015,1.5524
09/7/2015,1.5377
08/7/2015,1.5359
07/7/2015,1.546
06/7/2015,1.5601
03/7/2015,1.5568
02/7/2015,1.5606
01/7/2015,1.5613
30/6/2015,1.5705
29/6/2015,1.5737
26/6/2015,1.575
25/6/2015,1.5744
24/6/2015,1.5702
23/6/2015,1.5729
22/6/2015,1.5822
19/6/2015,1.5882
18/6/2015,1.5879
17/6/2015,1.583
16/6/2015,1.5644
15/6/2015,1.5599
12/6/2015,1.5554
11/6/2015,1.5513
10/6/2015,1.5529
09/6/2015,1.5384
08/6/2015,1.5348
05/6/2015,1.527
04/6/2015,1.5364
03/6/2015,1.5336
02/6/2015,1.5342
01/6/2015,1.52
29/5/2015,1.5288
28/5/2015,1.5314
27/5/2015,1.5353
26/5/2015,1.538
25/5/2015,1.5465
22/5/2015,1.5488
21/5/2015,1.566
20/5/2015,1.5535
19/5/2015,1.5508
18/5/2015,1.5647
15/5/2015,1.5721
14/5/2015,1.5774
13/5/2015,1.5743
12/5/2015,1.5664
11/5/2015,1.5584
08/5/2015,1.5454
07/5/2015,1.5243
06/5/2015,1.5243
05/5/2015,1.518
04/5/2015,1.5118
01/5/2015,1.5139
30/4/2015,1.5349
29/4/2015,1.5436
28/4/2015,1.5336
27/4/2015,1.5234
24/4/2015,1.5186
23/4/2015,1.5056
22/4/2015,1.5032
21/4/2015,1.4921
20/4/2015,1.4903
17/4/2015,1.4959
16/4/2015,1.4933
15/4/2015,1.4837
14/4/2015,1.4776
13/4/2015,1.467
10/4/2015,1.4629
09/4/2015,1.4712
08/4/2015,1.4864
07/4/2015,1.4805
06/4/2015,1.4878
03/4/2015,1.4919
02/4/2015,1.4824
01/4/2015,1.4821
31/3/2015,1.4816
30/3/2015,1.4808
27/3/2015,1.4875
26/3/2015,1.4848
25/3/2015,1.4878
24/3/2015,1.4849
23/3/2015,1.495
20/3/2015,1.4949
19/3/2015,1.4747
18/3/2015,1.4976
17/3/2015,1.4744
16/3/2015,1.4826
13/3/2015,1.4743
12/3/2015,1.4881
11/3/2015,1.4925
10/3/2015,1.5066
09/3/2015,1.5128
06/3/2015,1.5035
05/3/2015,1.524
04/3/2015,1.5263
03/3/2015,1.5359
02/3/2015,1.5362
27/2/2015,1.5432
26/2/2015,1.5405
25/2/2015,1.5527
24/2/2015,1.5453
23/2/2015,1.5452
20/2/2015,1.5398
19/2/2015,1.5412
18/2/2015,1.543
17/2/2015,1.5352
16/2/2015,1.5357
13/2/2015,1.5397
12/2/2015,1.5382
11/2/2015,1.5236
10/2/2015,1.5252
09/2/2015,1.521
06/2/2015,1.5243
05/2/2015,1.5324
04/2/2015,1.5181
03/2/2015,1.5166
02/2/2015,1.5038
30/1/2015,1.5066
29/1/2015,1.5065
28/1/2015,1.5133
27/1/2015,1.5196
26/1/2015,1.5078
23/1/2015,1.4987
22/1/2015,1.5008
21/1/2015,1.5142
20/1/2015,1.5143
19/1/2015,1.511
16/1/2015,1.5148
15/1/2015,1.5181
14/1/2015,1.5232
13/1/2015,1.5158
12/1/2015,1.517
09/1/2015,1.5158
08/1/2015,1.5087
07/1/2015,1.5109
06/1/2015,1.515
05/1/2015,1.5248
02/1/2015,1.5325
01/1/2015,1.5544
31/12/2014,1.5573
30/12/2014,1.5557
29/12/2014,1.5512
26/12/2014,1.5554
25/12/2014,1.5537
24/12/2014,1.5558
23/12/2014,1.552
22/12/2014,1.5588
19/12/2014,1.5629
18/12/2014,1.5668
17/12/2014,1.5574
16/12/2014,1.5747
15/12/2014,1.5637
12/12/2014,1.5718
11/12/2014,1.5731
10/12/2014,1.5713
09/12/2014,1.5669
08/12/2014,1.565
05/12/2014,1.5581
04/12/2014,1.5672
03/12/2014,1.5685
02/12/2014,1.5635
01/12/2014,1.5728
28/11/2014,1.5646
27/11/2014,1.5733
26/11/2014,1.579
25/11/2014,1.5707
24/11/2014,1.5705
21/11/2014,1.5653
20/11/2014,1.5693
19/11/2014,1.5681
18/11/2014,1.5631
17/11/2014,1.564
14/11/2014,1.5667
13/11/2014,1.5709
12/11/2014,1.5779
11/11/2014,1.5918
10/11/2014,1.584
07/11/2014,1.5871
06/11/2014,1.5829
05/11/2014,1.5974
04/11/2014,1.6002
03/11/2014,1.597
31/10/2014,1.5995
30/10/2014,1.5998
29/10/2014,1.6009
28/10/2014,1.613
27/10/2014,1.612
24/10/2014,1.6088
23/10/2014,1.6028
22/10/2014,1.605
21/10/2014,1.6109
20/10/2014,1.6162
17/10/2014,1.6092
16/10/2014,1.6087
15/10/2014,1.6019
14/10/2014,1.5903
13/10/2014,1.6083
10/10/2014,1.6075
09/10/2014,1.6118
08/10/2014,1.6167
07/10/2014,1.6093
06/10/2014,1.6082
03/10/2014,1.5962
02/10/2014,1.6142
01/10/2014,1.6184
30/9/2014,1.6212
29/9/2014,1.624
26/9/2014,1.6245
25/9/2014,1.6315
24/9/2014,1.6338
23/9/2014,1.6386
22/9/2014,1.636
19/9/2014,1.6286
18/9/2014,1.64
17/9/2014,1.6273
16/9/2014,1.6275
15/9/2014,1.6231
12/9/2014,1.6266
11/9/2014,1.6254
10/9/2014,1.6211
09/9/2014,1.6105
08/9/2014,1.6104
05/9/2014,1.6325
04/9/2014,1.633
03/9/2014,1.6461
02/9/2014,1.6469
01/9/2014,1.6607
29/8/2014,1.6597
28/8/2014,1.6584
27/8/2014,1.6575
26/8/2014,1.6539
25/8/2014,1.6577
22/8/2014,1.6569
21/8/2014,1.6578
20/8/2014,1.6594
19/8/2014,1.6615
18/8/2014,1.6726
15/8/2014,1.6694
14/8/2014,1.6685
13/8/2014,1.6686
12/8/2014,1.6812
11/8/2014,1.6786
08/8/2014,1.6772
07/8/2014,1.6832
06/8/2014,1.6853
05/8/2014,1.6884
04/8/2014,1.6862
01/8/2014,1.682
31/7/2014,1.6884
30/7/2014,1.6913
29/7/2014,1.6943
28/7/2014,1.6982
25/7/2014,1.6972
24/7/2014,1.6984
23/7/2014,1.7042
22/7/2014,1.7063
21/7/2014,1.7074
18/7/2014,1.7086
17/7/2014,1.7098
16/7/2014,1.7136
15/7/2014,1.7141
14/7/2014,1.7083
11/7/2014,1.7122
10/7/2014,1.7131
09/7/2014,1.7156
08/7/2014,1.713
07/7/2014,1.7126
04/7/2014,1.7158
03/7/2014,1.7153
02/7/2014,1.7163
01/7/2014,1.7148
30/6/2014,1.7103
27/6/2014,1.7033
26/6/2014,1.7025
25/6/2014,1.6983
24/6/2014,1.6984
23/6/2014,1.7025
20/6/2014,1.701
19/6/2014,1.7039
18/6/2014,1.6992
17/6/2014,1.6963
16/6/2014,1.6982
13/6/2014,1.6963
12/6/2014,1.6928
11/6/2014,1.6787
10/6/2014,1.6755
09/6/2014,1.68
06/6/2014,1.68
05/6/2014,1.682
04/6/2014,1.6735
03/6/2014,1.6749
02/6/2014,1.6745
30/5/2014,1.675
29/5/2014,1.6715
28/5/2014,1.671
27/5/2014,1.6809
26/5/2014,1.684
23/5/2014,1.683
22/5/2014,1.6868
21/5/2014,1.6899
20/5/2014,1.6837
19/5/2014,1.6811
16/5/2014,1.6813
15/5/2014,1.6787
14/5/2014,1.6766
13/5/2014,1.6825
12/5/2014,1.6867
09/5/2014,1.6849
08/5/2014,1.6931
07/5/2014,1.6952
06/5/2014,1.6976
05/5/2014,1.6862
02/5/2014,1.6865
01/5/2014,1.6891
30/4/2014,1.687
29/4/2014,1.6825
28/4/2014,1.6807
25/4/2014,1.6803
24/4/2014,1.6803
23/4/2014,1.678
22/4/2014,1.6822
21/4/2014,1.679
18/4/2014,1.6805
17/4/2014,1.6791
16/4/2014,1.6796
15/4/2014,1.6728
14/4/2014,1.6728
11/4/2014,1.6732
10/4/2014,1.6783
09/4/2014,1.6792
08/4/2014,1.6746
07/4/2014,1.6608
04/4/2014,1.6578
03/4/2014,1.6597
02/4/2014,1.6625
01/4/2014,1.6629
31/3/2014,1.6662
28/3/2014,1.6636
27/3/2014,1.6609
26/3/2014,1.6585
25/3/2014,1.6527
24/3/2014,1.6496
21/3/2014,1.6484
20/3/2014,1.6503
19/3/2014,1.6541
18/3/2014,1.6592
17/3/2014,1.6633
14/3/2014,1.6643
13/3/2014,1.6624
12/3/2014,1.6616
11/3/2014,1.6615
10/3/2014,1.6643
07/3/2014,1.6711
06/3/2014,1.6737
05/3/2014,1.6721
04/3/2014,1.6662
03/3/2014,1.6665
28/2/2014,1.6743
27/2/2014,1.6686
26/2/2014,1.6672
25/2/2014,1.6679
24/2/2014,1.6656
21/2/2014,1.6614
20/2/2014,1.665
19/2/2014,1.6679
18/2/2014,1.6683
17/2/2014,1.6713
14/2/2014,1.6744
13/2/2014,1.6657
12/2/2014,1.6594
11/2/2014,1.6448
10/2/2014,1.64
07/2/2014,1.6409
06/2/2014,1.632
05/2/2014,1.6308
04/2/2014,1.6324
03/2/2014,1.6304
31/1/2014,1.6432
30/1/2014,1.6484
29/1/2014,1.656
28/1/2014,1.6577
27/1/2014,1.6584
24/1/2014,1.6481
23/1/2014,1.6636
22/1/2014,1.6574
21/1/2014,1.6475
20/1/2014,1.6429
17/1/2014,1.6421
16/1/2014,1.6353
15/1/2014,1.6368
14/1/2014,1.6438
13/1/2014,1.6382
10/1/2014,1.6479
09/1/2014,1.6479
08/1/2014,1.6447
07/1/2014,1.6401
06/1/2014,1.6404
03/1/2014,1.6413
02/1/2014,1.6451
01/1/2014,1.6563
31/12/2013,1.6556
30/12/2013,1.65
27/12/2013,1.6478
26/12/2013,1.6409
25/12/2013,1.6347
24/12/2013,1.6373
23/12/2013,1.6353
20/12/2013,1.6333
19/12/2013,1.6369
18/12/2013,1.6391
17/12/2013,1.6261
16/12/2013,1.6296
13/12/2013,1.6296
12/12/2013,1.6348
11/12/2013,1.6373
10/12/2013,1.6445
09/12/2013,1.6428
06/12/2013,1.6347
05/12/2013,1.6333
04/12/2013,1.6382
03/12/2013,1.6391
02/12/2013,1.6355
29/11/2013,1.6365
28/11/2013,1.634
27/11/2013,1.6286
26/11/2013,1.6213
25/11/2013,1.6153
22/11/2013,1.6223
21/11/2013,1.6198
20/11/2013,1.6104
19/11/2013,1.6119
18/11/2013,1.6108
15/11/2013,1.6119
14/11/2013,1.6063
13/11/2013,1.6056
12/11/2013,1.5904
11/11/2013,1.5988
08/11/2013,1.6015
07/11/2013,1.6096
06/11/2013,1.6079
05/11/2013,1.6044
04/11/2013,1.5966
01/11/2013,1.5924
31/10/2013,1.604
30/10/2013,1.6036
29/10/2013,1.6045
28/10/2013,1.6139
25/10/2013,1.6164
24/10/2013,1.62
23/10/2013,1.6162
22/10/2013,1.6234
21/10/2013,1.6145
18/10/2013,1.6165
17/10/2013,1.6164
16/10/2013,1.5948
15/10/2013,1.5996
14/10/2013,1.5982
11/10/2013,1.5954
10/10/2013,1.5964
09/10/2013,1.5954
08/10/2013,1.6082
07/10/2013,1.6095
04/10/2013,1.6008
03/10/2013,1.6153
02/10/2013,1.6221
01/10/2013,1.6192
30/9/2013,1.6184
27/9/2013,1.6136
26/9/2013,1.6038
25/9/2013,1.6078
24/9/2013,1.6001
23/9/2013,1.6041
20/9/2013,1.6004
19/9/2013,1.6029
18/9/2013,1.6144
17/9/2013,1.5901
16/9/2013,1.5894
13/9/2013,1.5873
12/9/2013,1.5804
11/9/2013,1.5815
10/9/2013,1.5733
09/9/2013,1.5692
06/9/2013,1.5629
05/9/2013,1.5589
04/9/2013,1.5624
03/9/2013,1.5557
02/9/2013,1.5544
30/8/2013,1.5508
29/8/2013,1.5503
28/8/2013,1.5524
27/8/2013,1.5545
26/8/2013,1.5574
23/8/2013,1.5567
22/8/2013,1.5586
21/8/2013,1.5658
20/8/2013,1.5665
19/8/2013,1.5647
16/8/2013,1.5627
15/8/2013,1.564
14/8/2013,1.5498
13/8/2013,1.5447
12/8/2013,1.5462
09/8/2013,1.5498
08/8/2013,1.5537
07/8/2013,1.5487
06/8/2013,1.5347
05/8/2013,1.5357
02/8/2013,1.5287
01/8/2013,1.5118
31/7/2013,1.5206
30/7/2013,1.5236
29/7/2013,1.5336
26/7/2013,1.5379
25/7/2013,1.539
24/7/2013,1.5313
23/7/2013,1.5367
22/7/2013,1.5359
19/7/2013,1.5266
18/7/2013,1.5228
17/7/2013,1.5212
16/7/2013,1.5159
15/7/2013,1.5098
12/7/2013,1.5105
11/7/2013,1.5183
10/7/2013,1.501
09/7/2013,1.4865
08/7/2013,1.495
05/7/2013,1.4887
04/7/2013,1.507
03/7/2013,1.5278
02/7/2013,1.5153
01/7/2013,1.5216
28/6/2013,1.521
27/6/2013,1.5257
26/6/2013,1.5313
25/6/2013,1.5422
24/6/2013,1.5431
21/6/2013,1.5416
20/6/2013,1.5508
19/6/2013,1.5484
18/6/2013,1.5642
17/6/2013,1.5718
14/6/2013,1.5703
13/6/2013,1.5718
12/6/2013,1.5677
11/6/2013,1.5646
10/6/2013,1.5571
07/6/2013,1.5557
06/6/2013,1.5601
05/6/2013,1.5403
04/6/2013,1.5312
03/6/2013,1.532
31/5/2013,1.5198
30/5/2013,1.5231
29/5/2013,1.513
28/5/2013,1.504
27/5/2013,1.5101
24/5/2013,1.5125
23/5/2013,1.5107
22/5/2013,1.5047
21/5/2013,1.5154
20/5/2013,1.5254
17/5/2013,1.5169
16/5/2013,1.5268
15/5/2013,1.5233
14/5/2013,1.521
13/5/2013,1.5297
10/5/2013,1.5363
09/5/2013,1.5448
08/5/2013,1.5531
07/5/2013,1.5484
06/5/2013,1.5541
03/5/2013,1.5571
02/5/2013,1.5533
01/5/2013,1.5552
30/4/2013,1.5531
29/4/2013,1.5499
26/4/2013,1.5478
25/4/2013,1.5432
24/4/2013,1.5267
23/4/2013,1.5237
22/4/2013,1.5292
19/4/2013,1.523
18/4/2013,1.5279
17/4/2013,1.5236
16/4/2013,1.536
15/4/2013,1.5283
12/4/2013,1.5341
11/4/2013,1.5382
10/4/2013,1.5329
09/4/2013,1.5321
08/4/2013,1.5252
05/4/2013,1.5333
04/4/2013,1.5233
03/4/2013,1.5127
02/4/2013,1.5102
01/4/2013,1.5227
29/3/2013,1.5201
28/3/2013,1.5192
27/3/2013,1.513
26/3/2013,1.5159
25/3/2013,1.5173
22/3/2013,1.5229
21/3/2013,1.5171
20/3/2013,1.5095
19/3/2013,1.5097
18/3/2013,1.5104
15/3/2013,1.5113
14/3/2013,1.508
13/3/2013,1.492
12/3/2013,1.4902
11/3/2013,1.4912
08/3/2013,1.4915
07/3/2013,1.5012
06/3/2013,1.5016
05/3/2013,1.5125
04/3/2013,1.5114
01/3/2013,1.5036
28/2/2013,1.516
27/2/2013,1.5157
26/2/2013,1.5123
25/2/2013,1.516
22/2/2013,1.516
21/2/2013,1.5253
20/2/2013,1.5233
19/2/2013,1.5422
18/2/2013,1.5464
15/2/2013,1.5516
14/2/2013,1.5493
13/2/2013,1.5541
12/2/2013,1.5662
11/2/2013,1.5657
08/2/2013,1.5796
07/2/2013,1.5715
06/2/2013,1.566
05/2/2013,1.5656
04/2/2013,1.576
01/2/2013,1.569
31/1/2013,1.5854
30/1/2013,1.58
29/1/2013,1.5762
28/1/2013,1.5694
25/1/2013,1.5801
24/1/2013,1.5788
23/1/2013,1.5844
22/1/2013,1.5837
21/1/2013,1.5828
18/1/2013,1.5866
17/1/2013,1.5991
16/1/2013,1.6006
15/1/2013,1.6064
14/1/2013,1.6076
11/1/2013,1.613
10/1/2013,1.6166
09/1/2013,1.6021
08/1/2013,1.6054
07/1/2013,1.6112
04/1/2013,1.6071
03/1/2013,1.6106
02/1/2013,1.6255
01/1/2013,1.6243
31/12/2012,1.6251
28/12/2012,1.6168
27/12/2012,1.6097
26/12/2012,1.6134
25/12/2012,1.6125
24/12/2012,1.6121
21/12/2012,1.617
20/12/2012,1.6277
19/12/2012,1.6244
18/12/2012,1.625
17/12/2012,1.6202
14/12/2012,1.6165
13/12/2012,1.6109
12/12/2012,1.6147
11/12/2012,1.6114
10/12/2012,1.6074
07/12/2012,1.6036
06/12/2012,1.6048
05/12/2012,1.6096
04/12/2012,1.6101
03/12/2012,1.6088
30/11/2012,1.601
29/11/2012,1.6039
28/11/2012,1.6012
27/11/2012,1.602
26/11/2012,1.6025
23/11/2012,1.603
22/11/2012,1.5935
21/11/2012,1.595
20/11/2012,1.5926
19/11/2012,1.5906
16/11/2012,1.5883
15/11/2012,1.5865
14/11/2012,1.5839
13/11/2012,1.5869
12/11/2012,1.5874
09/11/2012,1.5893
08/11/2012,1.598
07/11/2012,1.5984
06/11/2012,1.5995
05/11/2012,1.5977
02/11/2012,1.6023
01/11/2012,1.613
31/10/2012,1.6128
30/10/2012,1.6072
29/10/2012,1.603
26/10/2012,1.6103
25/10/2012,1.6116
24/10/2012,1.6036
23/10/2012,1.5951
22/10/2012,1.6012
19/10/2012,1.6003
18/10/2012,1.6043
17/10/2012,1.6148
16/10/2012,1.611
15/10/2012,1.6068
12/10/2012,1.607
11/10/2012,1.6044
10/10/2012,1.6003
09/10/2012,1.6001
08/10/2012,1.6026
05/10/2012,1.6134
04/10/2012,1.619
03/10/2012,1.6074
02/10/2012,1.6132
01/10/2012,1.6128
28/9/2012,1.6164
27/9/2012,1.6235
26/9/2012,1.6164
25/9/2012,1.6186
24/9/2012,1.6219
21/9/2012,1.6227
20/9/2012,1.6214
19/9/2012,1.622
18/9/2012,1.6242
17/9/2012,1.6246
14/9/2012,1.6213
13/9/2012,1.6152
12/9/2012,1.6106
11/9/2012,1.6068
10/9/2012,1.5988
07/9/2012,1.6005
06/9/2012,1.5931
05/9/2012,1.5899
04/9/2012,1.5868
03/9/2012,1.5885
31/8/2012,1.5864
30/8/2012,1.5784
29/8/2012,1.583
28/8/2012,1.5816
27/8/2012,1.5792
24/8/2012,1.5809
23/8/2012,1.5857
22/8/2012,1.588
21/8/2012,1.5783
20/8/2012,1.571
17/8/2012,1.5698
16/8/2012,1.5731
15/8/2012,1.5682
14/8/2012,1.5675
13/8/2012,1.5682
10/8/2012,1.569
09/8/2012,1.5637
08/8/2012,1.5653
07/8/2012,1.562
06/8/2012,1.5601
03/8/2012,1.5641
02/8/2012,1.5514
01/8/2012,1.5535
31/7/2012,1.5676
30/7/2012,1.5709
27/7/2012,1.5746
26/7/2012,1.5685
25/7/2012,1.5495
24/7/2012,1.5505
23/7/2012,1.5505
20/7/2012,1.5619
19/7/2012,1.5723
18/7/2012,1.5653
17/7/2012,1.5652
16/7/2012,1.5634
13/7/2012,1.5572
12/7/2012,1.5422
11/7/2012,1.5501
10/7/2012,1.5514
09/7/2012,1.5526
06/7/2012,1.5488
05/7/2012,1.5524
04/7/2012,1.5592
03/7/2012,1.5686
02/7/2012,1.5694
29/6/2012,1.5705
28/6/2012,1.5511
27/6/2012,1.5568
26/6/2012,1.5637
25/6/2012,1.5572
22/6/2012,1.5588
21/6/2012,1.5587
20/6/2012,1.5715
19/6/2012,1.5723
18/6/2012,1.5668
15/6/2012,1.5715
14/6/2012,1.5554
13/6/2012,1.5507
12/6/2012,1.5575
11/6/2012,1.5477
08/6/2012,1.5472
07/6/2012,1.5528
06/6/2012,1.549
05/6/2012,1.5379
04/6/2012,1.538
01/6/2012,1.5361
31/5/2012,1.5403
30/5/2012,1.548
29/5/2012,1.5639
28/5/2012,1.568
25/5/2012,1.5659
24/5/2012,1.5669
23/5/2012,1.5686
22/5/2012,1.5761
21/5/2012,1.5828
18/5/2012,1.5815
17/5/2012,1.5794
16/5/2012,1.591
15/5/2012,1.5992
14/5/2012,1.6091
11/5/2012,1.607
10/5/2012,1.6143
09/5/2012,1.6131
08/5/2012,1.6156
07/5/2012,1.619
04/5/2012,1.6153
03/5/2012,1.6181
02/5/2012,1.6199
01/5/2012,1.6218
30/4/2012,1.6231
27/4/2012,1.6265
26/4/2012,1.6174
25/4/2012,1.6166
24/4/2012,1.6139
23/4/2012,1.6126
20/4/2012,1.6124
19/4/2012,1.6051
18/4/2012,1.602
17/4/2012,1.5919
16/4/2012,1.5898
13/4/2012,1.5846
12/4/2012,1.5958
11/4/2012,1.5905
10/4/2012,1.5859
09/4/2012,1.589
06/4/2012,1.5885
05/4/2012,1.5826
04/4/2012,1.5885
03/4/2012,1.5912
02/4/2012,1.6024
30/3/2012,1.601
29/3/2012,1.5952
28/3/2012,1.5888
27/3/2012,1.5947
26/3/2012,1.5969
23/3/2012,1.5866
22/3/2012,1.5814
21/3/2012,1.587
20/3/2012,1.5858
19/3/2012,1.5894
16/3/2012,1.5843
15/3/2012,1.5708
14/3/2012,1.5672
13/3/2012,1.5707
12/3/2012,1.5636
09/3/2012,1.5675
08/3/2012,1.5824
07/3/2012,1.5742
06/3/2012,1.5718
05/3/2012,1.5859
02/3/2012,1.5836
01/3/2012,1.5952
29/2/2012,1.5916
28/2/2012,1.5901
27/2/2012,1.5819
24/2/2012,1.5886
23/2/2012,1.5735
22/2/2012,1.5664
21/2/2012,1.5783
20/2/2012,1.5841
17/2/2012,1.5836
16/2/2012,1.5803
15/2/2012,1.5696
14/2/2012,1.5681
13/2/2012,1.5766
10/2/2012,1.5738
09/2/2012,1.5816
08/2/2012,1.5816
07/2/2012,1.5903
06/2/2012,1.5822
03/2/2012,1.5812
02/2/2012,1.5806
01/2/2012,1.5828
31/1/2012,1.5756
30/1/2012,1.5701
27/1/2012,1.5733
26/1/2012,1.5684
25/1/2012,1.5661
24/1/2012,1.5613
23/1/2012,1.5572
20/1/2012,1.557
19/1/2012,1.5489
18/1/2012,1.543
17/1/2012,1.5336
16/1/2012,1.532
13/1/2012,1.5317
12/1/2012,1.5339
11/1/2012,1.5318
10/1/2012,1.5479
09/1/2012,1.5457
06/1/2012,1.5433
05/1/2012,1.5482
04/1/2012,1.5615
03/1/2012,1.5645
02/1/2012,1.5502
30/12/2011,1.5535
29/12/2011,1.5413
28/12/2011,1.545
27/12/2011,1.5665
26/12/2011,1.5627
23/12/2011,1.5588
22/12/2011,1.5673
21/12/2011,1.5673
20/12/2011,1.5654
19/12/2011,1.5498
16/12/2011,1.5519
15/12/2011,1.5507
14/12/2011,1.5465
13/12/2011,1.5478
12/12/2011,1.5585
09/12/2011,1.5659
08/12/2011,1.5639
07/12/2011,1.571
06/12/2011,1.5593
05/12/2011,1.5651
02/12/2011,1.5593
01/12/2011,1.5693
30/11/2011,1.5694
29/11/2011,1.5614
28/11/2011,1.5501
25/11/2011,1.5447
24/11/2011,1.5492
23/11/2011,1.5517
22/11/2011,1.5639
21/11/2011,1.5644
18/11/2011,1.5789
17/11/2011,1.575
16/11/2011,1.5729
15/11/2011,1.5813
14/11/2011,1.5908
11/11/2011,1.6068
10/11/2011,1.5933
09/11/2011,1.5923
08/11/2011,1.6092
07/11/2011,1.6049
04/11/2011,1.6029
03/11/2011,1.6063
02/11/2011,1.5945
01/11/2011,1.5945
31/10/2011,1.6088
28/10/2011,1.612
27/10/2011,1.6102
26/10/2011,1.5969
25/10/2011,1.5998
24/10/2011,1.599
21/10/2011,1.5951
20/10/2011,1.5787
19/10/2011,1.5769
18/10/2011,1.5705
17/10/2011,1.5742
14/10/2011,1.5818
13/10/2011,1.576
12/10/2011,1.5746
11/10/2011,1.5586
10/10/2011,1.566
07/10/2011,1.5558
06/10/2011,1.5436
05/10/2011,1.5469
04/10/2011,1.5483
03/10/2011,1.5423
30/9/2011,1.5582
29/9/2011,1.5625
28/9/2011,1.5575
27/9/2011,1.5633
26/9/2011,1.5564
23/9/2011,1.5466
22/9/2011,1.5336
21/9/2011,1.5491
20/9/2011,1.5743
19/9/2011,1.5694
16/9/2011,1.5786
15/9/2011,1.58
14/9/2011,1.5764
13/9/2011,1.5782
12/9/2011,1.5858
09/9/2011,1.588
08/9/2011,1.5957
07/9/2011,1.5989
06/9/2011,1.5941
05/9/2011,1.6112
02/9/2011,1.6216
01/9/2011,1.618
31/8/2011,1.6252
30/8/2011,1.6302
29/8/2011,1.6408
26/8/2011,1.637
25/8/2011,1.6284
24/8/2011,1.6373
23/8/2011,1.6495
22/8/2011,1.6462
19/8/2011,1.646
18/8/2011,1.6516
17/8/2011,1.6542
16/8/2011,1.6449
15/8/2011,1.639
12/8/2011,1.6276
11/8/2011,1.6242
10/8/2011,1.6131
09/8/2011,1.6313
08/8/2011,1.6313
05/8/2011,1.639
04/8/2011,1.6266
03/8/2011,1.6431
02/8/2011,1.6289
01/8/2011,1.6295
29/7/2011,1.6418
28/7/2011,1.6373
27/7/2011,1.6331
26/7/2011,1.6413
25/7/2011,1.6273
22/7/2011,1.6301
21/7/2011,1.6312
20/7/2011,1.6153
19/7/2011,1.6132
18/7/2011,1.6051
15/7/2011,1.6134
14/7/2011,1.6144
13/7/2011,1.6124
12/7/2011,1.5914
11/7/2011,1.5908
08/7/2011,1.6057
07/7/2011,1.597
06/7/2011,1.5997
05/7/2011,1.6061
04/7/2011,1.6086
01/7/2011,1.6074
30/6/2011,1.6047
29/6/2011,1.6063
28/6/2011,1.5996
27/6/2011,1.5987
24/6/2011,1.5958
23/6/2011,1.6007
22/6/2011,1.6072
21/6/2011,1.6242
20/6/2011,1.6204
17/6/2011,1.6194
16/6/2011,1.616
15/6/2011,1.6176
14/6/2011,1.6376
13/6/2011,1.638
10/6/2011,1.6233
09/6/2011,1.6367
08/6/2011,1.6395
07/6/2011,1.6446
06/6/2011,1.6353
03/6/2011,1.6427
02/6/2011,1.6375
01/6/2011,1.6328
31/5/2011,1.6449
30/5/2011,1.6471
27/5/2011,1.6506
26/5/2011,1.6396
25/5/2011,1.627
24/5/2011,1.6178
23/5/2011,1.6122
20/5/2011,1.6227
19/5/2011,1.6232
18/5/2011,1.6166
17/5/2011,1.6245
16/5/2011,1.619
13/5/2011,1.6196
12/5/2011,1.6288
11/5/2011,1.635
10/5/2011,1.6362
09/5/2011,1.6395
06/5/2011,1.6368
05/5/2011,1.6388
04/5/2011,1.6492
03/5/2011,1.648
02/5/2011,1.6649
29/4/2011,1.6701
28/4/2011,1.6627
27/4/2011,1.6626
26/4/2011,1.648
25/4/2011,1.6501
22/4/2011,1.6508
21/4/2011,1.6516
20/4/2011,1.6402
19/4/2011,1.6316
18/4/2011,1.6265
15/4/2011,1.632
14/4/2011,1.6348
13/4/2011,1.6266
12/4/2011,1.6253
11/4/2011,1.6346
08/4/2011,1.6382
07/4/2011,1.6318
06/4/2011,1.6331
05/4/2011,1.6292
04/4/2011,1.6129
01/4/2011,1.6111
31/3/2011,1.6031
30/3/2011,1.6075
29/3/2011,1.6015
28/3/2011,1.599
25/3/2011,1.6036
24/3/2011,1.6117
23/3/2011,1.6228
22/3/2011,1.6366
21/3/2011,1.631
18/3/2011,1.6235
17/3/2011,1.614
16/3/2011,1.6034
15/3/2011,1.6073
14/3/2011,1.617
11/3/2011,1.6079
10/3/2011,1.6053
09/3/2011,1.62
08/3/2011,1.616
07/3/2011,1.62
04/3/2011,1.6273
03/3/2011,1.6272
02/3/2011,1.6326
01/3/2011,1.6258
28/2/2011,1.6256
25/2/2011,1.6116
24/2/2011,1.6138
23/2/2011,1.6209
22/2/2011,1.6132
21/2/2011,1.6219
18/2/2011,1.6242
17/2/2011,1.6171
16/2/2011,1.6089
15/2/2011,1.6123
14/2/2011,1.6036
11/2/2011,1.6004
10/2/2011,1.6093
09/2/2011,1.6102
08/2/2011,1.6072
07/2/2011,1.611
04/2/2011,1.6099
03/2/2011,1.6137
02/2/2011,1.6185
01/2/2011,1.6145
31/1/2011,1.6014
28/1/2011,1.586
27/1/2011,1.5921
26/1/2011,1.59
25/1/2011,1.5822
24/1/2011,1.5994
21/1/2011,1.6001
20/1/2011,1.591
19/1/2011,1.5991
18/1/2011,1.5956
17/1/2011,1.5889
14/1/2011,1.586
13/1/2011,1.5835
12/1/2011,1.5769
11/1/2011,1.5613
10/1/2011,1.557
07/1/2011,1.5556
06/1/2011,1.5464
05/1/2011,1.5511
04/1/2011,1.5584
03/1/2011,1.548
31/12/2010,1.5599
30/12/2010,1.542
29/12/2010,1.5498
28/12/2010,1.5382
27/12/2010,1.5418
24/12/2010,1.5441
23/12/2010,1.5426
22/12/2010,1.5384
21/12/2010,1.5464
20/12/2010,1.551
17/12/2010,1.5534
16/12/2010,1.5634
15/12/2010,1.5537
14/12/2010,1.5786
13/12/2010,1.5856
10/12/2010,1.5816
09/12/2010,1.5768
08/12/2010,1.5804
07/12/2010,1.5759
06/12/2010,1.571
03/12/2010,1.5777
02/12/2010,1.5604
01/12/2010,1.5627
30/11/2010,1.5551
29/11/2010,1.5573
26/11/2010,1.5591
25/11/2010,1.5759
24/11/2010,1.5777
23/11/2010,1.5778
22/11/2010,1.5957
19/11/2010,1.5984
18/11/2010,1.6045
17/11/2010,1.5894
16/11/2010,1.5887
15/11/2010,1.606
12/11/2010,1.6133
11/11/2010,1.6114
10/11/2010,1.6122
09/11/2010,1.5985
08/11/2010,1.6139
05/11/2010,1.6177
04/11/2010,1.6263
03/11/2010,1.6096
02/11/2010,1.6043
01/11/2010,1.6035
29/10/2010,1.6038
28/10/2010,1.5941
27/10/2010,1.5772
26/10/2010,1.584
25/10/2010,1.5731
22/10/2010,1.5683
21/10/2010,1.5706
20/10/2010,1.5845
19/10/2010,1.5715
18/10/2010,1.5898
15/10/2010,1.599
14/10/2010,1.6007
13/10/2010,1.5896
12/10/2010,1.5805
11/10/2010,1.5878
08/10/2010,1.5963
07/10/2010,1.5876
06/10/2010,1.5892
05/10/2010,1.5884
04/10/2010,1.5821
01/10/2010,1.5815
30/9/2010,1.5711
29/9/2010,1.5786
28/9/2010,1.5797
27/9/2010,1.5827
24/9/2010,1.5819
23/9/2010,1.5673
22/9/2010,1.5658
21/9/2010,1.5608
20/9/2010,1.5549
17/9/2010,1.5626
16/9/2010,1.562
15/9/2010,1.5619
14/9/2010,1.5535
13/9/2010,1.5426
10/9/2010,1.5348
09/9/2010,1.5427
08/9/2010,1.5471
07/9/2010,1.5361
06/9/2010,1.539
03/9/2010,1.5445
02/9/2010,1.5399
01/9/2010,1.5454
31/8/2010,1.5349
30/8/2010,1.5463
27/8/2010,1.552
26/8/2010,1.553
25/8/2010,1.546
24/8/2010,1.5406
23/8/2010,1.5509
20/8/2010,1.5531
19/8/2010,1.5594
18/8/2010,1.56
17/8/2010,1.5587
16/8/2010,1.5662
13/8/2010,1.5596
12/8/2010,1.5567
11/8/2010,1.5619
10/8/2010,1.5852
09/8/2010,1.5901
06/8/2010,1.5945
05/8/2010,1.5892
04/8/2010,1.5887
03/8/2010,1.5948
02/8/2010,1.5892
30/7/2010,1.5682
29/7/2010,1.5609
28/7/2010,1.559
27/7/2010,1.5588
26/7/2010,1.5484
23/7/2010,1.5434
22/7/2010,1.5252
21/7/2010,1.5163
20/7/2010,1.5267
19/7/2010,1.5222
16/7/2010,1.5288
15/7/2010,1.5454
14/7/2010,1.5258
13/7/2010,1.5173
12/7/2010,1.5021
09/7/2010,1.5062
08/7/2010,1.5162
07/7/2010,1.5183
06/7/2010,1.515
05/7/2010,1.5136
02/7/2010,1.5199
01/7/2010,1.5173
30/6/2010,1.4947
29/6/2010,1.506
28/6/2010,1.5099
25/6/2010,1.5063
24/6/2010,1.4927
23/6/2010,1.4967
22/6/2010,1.4807
21/6/2010,1.4747
18/6/2010,1.4826
17/6/2010,1.4821
16/6/2010,1.4728
15/6/2010,1.48
14/6/2010,1.4741
11/6/2010,1.4542
10/6/2010,1.4702
09/6/2010,1.4533
08/6/2010,1.447
07/6/2010,1.4467
04/6/2010,1.446
03/6/2010,1.4611
02/6/2010,1.4648
01/6/2010,1.4645
31/5/2010,1.4537
28/5/2010,1.4463
27/5/2010,1.4582
26/5/2010,1.4365
25/5/2010,1.4422
24/5/2010,1.4419
21/5/2010,1.4466
20/5/2010,1.435
19/5/2010,1.4452
18/5/2010,1.4301
17/5/2010,1.4476
14/5/2010,1.4537
13/5/2010,1.4605
12/5/2010,1.4823
11/5/2010,1.4953
10/5/2010,1.4846
07/5/2010,1.48
06/5/2010,1.4762
05/5/2010,1.5097
04/5/2010,1.5135
03/5/2010,1.5244
30/4/2010,1.5268
29/4/2010,1.532
28/4/2010,1.5201
27/4/2010,1.5243
26/4/2010,1.5451
23/4/2010,1.5377
22/4/2010,1.5391
21/4/2010,1.5403
20/4/2010,1.537
19/4/2010,1.5336
16/4/2010,1.5358
15/4/2010,1.55
14/4/2010,1.5467
13/4/2010,1.5375
12/4/2010,1.5365
09/4/2010,1.5373
08/4/2010,1.5273
07/4/2010,1.524
06/4/2010,1.5269
05/4/2010,1.529
02/4/2010,1.5208
01/4/2010,1.5291
31/3/2010,1.5182
30/3/2010,1.5066
29/3/2010,1.4985
26/3/2010,1.49
25/3/2010,1.4809
24/3/2010,1.4868
23/3/2010,1.5038
22/3/2010,1.5096
19/3/2010,1.501
18/3/2010,1.5245
17/3/2010,1.5321
16/3/2010,1.5243
15/3/2010,1.5052
12/3/2010,1.5183
11/3/2010,1.506
10/3/2010,1.4981
09/3/2010,1.4999
08/3/2010,1.5061
05/3/2010,1.5134
04/3/2010,1.5031
03/3/2010,1.5102
02/3/2010,1.496
01/3/2010,1.4989
26/2/2010,1.5247
25/2/2010,1.5267
24/2/2010,1.5402
23/2/2010,1.5413
22/2/2010,1.5481
19/2/2010,1.5472
18/2/2010,1.5626
17/2/2010,1.567
16/2/2010,1.5785
15/2/2010,1.5656
12/2/2010,1.5688
11/2/2010,1.5693
10/2/2010,1.5581
09/2/2010,1.5704
08/2/2010,1.5597
05/2/2010,1.5633
04/2/2010,1.5749
03/2/2010,1.5897
02/2/2010,1.5973
01/2/2010,1.5954
29/1/2010,1.6002
28/1/2010,1.6123
27/1/2010,1.6161
26/1/2010,1.6141
25/1/2010,1.624
22/1/2010,1.6107
21/1/2010,1.6196
20/1/2010,1.628
19/1/2010,1.6369
18/1/2010,1.633
15/1/2010,1.6262
14/1/2010,1.6332
13/1/2010,1.6285
12/1/2010,1.6173
11/1/2010,1.6102
08/1/2010,1.6027
07/1/2010,1.5933
06/1/2010,1.6023
05/1/2010,1.5995
04/1/2010,1.6095
01/1/2010,1.6168
31/12/2009,1.6154
30/12/2009,1.6069
29/12/2009,1.5896
28/12/2009,1.6
25/12/2009,1.5962
24/12/2009,1.5953
23/12/2009,1.5955
22/12/2009,1.597
21/12/2009,1.6041
18/12/2009,1.6141
17/12/2009,1.6156
16/12/2009,1.6334
15/12/2009,1.6275
14/12/2009,1.631
11/12/2009,1.6249
10/12/2009,1.6277
09/12/2009,1.6261
08/12/2009,1.6286
07/12/2009,1.6446
04/12/2009,1.6448
03/12/2009,1.6559
02/12/2009,1.6634
01/12/2009,1.6622
30/11/2009,1.6452
27/11/2009,1.6465
26/11/2009,1.6509
25/11/2009,1.6715
24/11/2009,1.6573
23/11/2009,1.6609
20/11/2009,1.6508
19/11/2009,1.6658
18/11/2009,1.6743
17/11/2009,1.6813
16/11/2009,1.6826
13/11/2009,1.6689
12/11/2009,1.6586
11/11/2009,1.6567
10/11/2009,1.6733
09/11/2009,1.675
06/11/2009,1.6618
05/11/2009,1.659
04/11/2009,1.6564
03/11/2009,1.6416
02/11/2009,1.639
30/10/2009,1.6446
29/10/2009,1.6557
28/10/2009,1.6378
27/10/2009,1.6379
26/10/2009,1.6324
23/10/2009,1.6305
22/10/2009,1.662
21/10/2009,1.66
20/10/2009,1.6386
19/10/2009,1.6408
16/10/2009,1.6354
15/10/2009,1.6271
14/10/2009,1.5974
13/10/2009,1.5925
12/10/2009,1.5794
09/10/2009,1.5834
08/10/2009,1.6074
07/10/2009,1.5961
06/10/2009,1.5915
05/10/2009,1.5938
02/10/2009,1.5938
01/10/2009,1.5943
30/9/2009,1.6004
29/9/2009,1.5958
28/9/2009,1.5885
25/9/2009,1.5952
24/9/2009,1.606
23/9/2009,1.6346
22/9/2009,1.6353
21/9/2009,1.621
18/9/2009,1.627
17/9/2009,1.6444
16/9/2009,1.6487
15/9/2009,1.649
14/9/2009,1.6568
11/9/2009,1.6661
10/9/2009,1.665
09/9/2009,1.654
08/9/2009,1.6487
07/9/2009,1.6345
04/9/2009,1.6391
03/9/2009,1.6331
02/9/2009,1.6268
01/9/2009,1.6156
31/8/2009,1.6274
28/8/2009,1.6267
27/8/2009,1.6266
26/8/2009,1.6239
25/8/2009,1.6335
24/8/2009,1.6419
21/8/2009,1.6505
20/8/2009,1.6504
19/8/2009,1.6536
18/8/2009,1.6556
17/8/2009,1.6343
14/8/2009,1.6538
13/8/2009,1.6579
12/8/2009,1.6488
11/8/2009,1.6484
10/8/2009,1.6482
07/8/2009,1.668
06/8/2009,1.6774
05/8/2009,1.6981
04/8/2009,1.6932
03/8/2009,1.6934
31/7/2009,1.6718
30/7/2009,1.6502
29/7/2009,1.6377
28/7/2009,1.6433
27/7/2009,1.649
24/7/2009,1.6428
23/7/2009,1.6479
22/7/2009,1.6457
21/7/2009,1.6444
20/7/2009,1.6543
17/7/2009,1.6328
16/7/2009,1.6439
15/7/2009,1.6424
14/7/2009,1.6319
13/7/2009,1.6228
10/7/2009,1.6198
09/7/2009,1.6338
08/7/2009,1.6066
07/7/2009,1.6128
06/7/2009,1.6273
03/7/2009,1.6337
02/7/2009,1.6356
01/7/2009,1.6474
30/6/2009,1.6463
29/6/2009,1.6554
26/6/2009,1.652
25/6/2009,1.6367
24/6/2009,1.6405
23/6/2009,1.6453
22/6/2009,1.634
19/6/2009,1.6504
18/6/2009,1.6333
17/6/2009,1.639
16/6/2009,1.6395
15/6/2009,1.6303
12/6/2009,1.6442
11/6/2009,1.6573
10/6/2009,1.6351
09/6/2009,1.6311
08/6/2009,1.6049
05/6/2009,1.5977
04/6/2009,1.6178
03/6/2009,1.6296
02/6/2009,1.6575
01/6/2009,1.6443
29/5/2009,1.6182
28/5/2009,1.5928
27/5/2009,1.5958
26/5/2009,1.5929
25/5/2009,1.5917
22/5/2009,1.5933
21/5/2009,1.5845
20/5/2009,1.5734
19/5/2009,1.5473
18/5/2009,1.5345
15/5/2009,1.5161
14/5/2009,1.5221
13/5/2009,1.5151
12/5/2009,1.5271
11/5/2009,1.5114
08/5/2009,1.5244
07/5/2009,1.5032
06/5/2009,1.5121
05/5/2009,1.5067
04/5/2009,1.5027
01/5/2009,1.4917
30/4/2009,1.4786
29/4/2009,1.4774
28/4/2009,1.4625
27/4/2009,1.462
24/4/2009,1.4675
23/4/2009,1.4717
22/4/2009,1.4474
21/4/2009,1.4671
20/4/2009,1.4525
17/4/2009,1.4793
16/4/2009,1.4923
15/4/2009,1.4986
14/4/2009,1.4896
13/4/2009,1.4845
10/4/2009,1.467
09/4/2009,1.4667
08/4/2009,1.4698
07/4/2009,1.4732
06/4/2009,1.4752
03/4/2009,1.483
02/4/2009,1.4729
01/4/2009,1.4461
31/3/2009,1.4325
30/3/2009,1.4255
27/3/2009,1.4323
26/3/2009,1.4438
25/3/2009,1.4551
24/3/2009,1.4678
23/3/2009,1.457
20/3/2009,1.4466
19/3/2009,1.4506
18/3/2009,1.4332
17/3/2009,1.4047
16/3/2009,1.406
13/3/2009,1.4003
12/3/2009,1.3933
11/3/2009,1.386
10/3/2009,1.3746
09/3/2009,1.377
06/3/2009,1.4077
05/3/2009,1.4138
04/3/2009,1.4163
03/3/2009,1.4057
02/3/2009,1.4048
27/2/2009,1.4309
26/2/2009,1.4301
25/2/2009,1.4196
24/2/2009,1.4476
23/2/2009,1.4486
20/2/2009,1.4438
19/2/2009,1.4284
18/2/2009,1.4217
17/2/2009,1.4242
16/2/2009,1.4271
13/2/2009,1.4385
12/2/2009,1.426
11/2/2009,1.4381
10/2/2009,1.4512
09/2/2009,1.4906
06/2/2009,1.4801
05/2/2009,1.4617
04/2/2009,1.4448
03/2/2009,1.4464
02/2/2009,1.4276
30/1/2009,1.4503
29/1/2009,1.4302
28/1/2009,1.4211
27/1/2009,1.4141
26/1/2009,1.3964
23/1/2009,1.3811
22/1/2009,1.3858
21/1/2009,1.3979
20/1/2009,1.3901
19/1/2009,1.4458
16/1/2009,1.4743
15/1/2009,1.4656
14/1/2009,1.4573
13/1/2009,1.45
12/1/2009,1.4828
09/1/2009,1.5169
08/1/2009,1.5243
07/1/2009,1.5111
06/1/2009,1.4925
05/1/2009,1.4698
02/1/2009,1.4523
01/1/2009,1.4605
31/12/2008,1.4626
30/12/2008,1.4435
29/12/2008,1.4491
26/12/2008,1.4646
25/12/2008,1.4648
24/12/2008,1.4748
23/12/2008,1.4772
22/12/2008,1.4835
19/12/2008,1.4925
18/12/2008,1.5026
17/12/2008,1.551
16/12/2008,1.5603
15/12/2008,1.5309
12/12/2008,1.4956
11/12/2008,1.5025
10/12/2008,1.4786
09/12/2008,1.4736
08/12/2008,1.4903
05/12/2008,1.4762
04/12/2008,1.4667
03/12/2008,1.477
02/12/2008,1.4905
01/12/2008,1.4883
28/11/2008,1.5393
27/11/2008,1.5393
26/11/2008,1.5349
25/11/2008,1.5462
24/11/2008,1.5155
21/11/2008,1.489
20/11/2008,1.4727
19/11/2008,1.4962
18/11/2008,1.4967
17/11/2008,1.5001
14/11/2008,1.4751
13/11/2008,1.4863
12/11/2008,1.4931
11/11/2008,1.5382
10/11/2008,1.5612
07/11/2008,1.5673
06/11/2008,1.5605
05/11/2008,1.5927
04/11/2008,1.6016
03/11/2008,1.5837
31/10/2008,1.6068
30/10/2008,1.6435
29/10/2008,1.6417
28/10/2008,1.5925
27/10/2008,1.5533
24/10/2008,1.5923
23/10/2008,1.6321
22/10/2008,1.6291
21/10/2008,1.6683
20/10/2008,1.7187
17/10/2008,1.7285
16/10/2008,1.7318
15/10/2008,1.7175
14/10/2008,1.7408
13/10/2008,1.7395
10/10/2008,1.7041
09/10/2008,1.7068
08/10/2008,1.7279
07/10/2008,1.7473
06/10/2008,1.7431
03/10/2008,1.7715
02/10/2008,1.7652
01/10/2008,1.771
30/9/2008,1.7828
29/9/2008,1.8071
26/9/2008,1.8445
25/9/2008,1.8381
24/9/2008,1.8462
23/9/2008,1.8509
22/9/2008,1.855
19/9/2008,1.8315
18/9/2008,1.8158
17/9/2008,1.8139
16/9/2008,1.7856
15/9/2008,1.7995
12/9/2008,1.7945
11/9/2008,1.7595
10/9/2008,1.75
09/9/2008,1.7615
08/9/2008,1.7575
05/9/2008,1.7657
04/9/2008,1.7586
03/9/2008,1.7744
02/9/2008,1.782
01/9/2008,1.8005
29/8/2008,1.8211
28/8/2008,1.8283
27/8/2008,1.8347
26/8/2008,1.8394
25/8/2008,1.8527
22/8/2008,1.8521
21/8/2008,1.8792
20/8/2008,1.8616
19/8/2008,1.8676
18/8/2008,1.8644
15/8/2008,1.8665
14/8/2008,1.8689
13/8/2008,1.8693
12/8/2008,1.8966
11/8/2008,1.9104
08/8/2008,1.9201
07/8/2008,1.9437
06/8/2008,1.9475
05/8/2008,1.954
04/8/2008,1.9613
01/8/2008,1.9752
31/7/2008,1.9835
30/7/2008,1.9817
29/7/2008,1.9794
28/7/2008,1.994
25/7/2008,1.9905
24/7/2008,1.9862
23/7/2008,1.9977
22/7/2008,1.9906
21/7/2008,2.003
18/7/2008,1.9981
17/7/2008,2.0014
16/7/2008,1.9989
15/7/2008,2.0056
14/7/2008,1.994
11/7/2008,1.9901
10/7/2008,1.9776
09/7/2008,1.983
08/7/2008,1.9693
07/7/2008,1.9756
04/7/2008,1.9827
03/7/2008,1.9828
02/7/2008,1.9927
01/7/2008,1.9947
30/6/2008,1.9928
27/6/2008,1.9945
26/6/2008,1.9886
25/6/2008,1.9743
24/6/2008,1.9708
23/6/2008,1.9657
20/6/2008,1.9758
19/6/2008,1.972
18/6/2008,1.9588
17/6/2008,1.9561
16/6/2008,1.963
13/6/2008,1.9465
12/6/2008,1.9457
11/6/2008,1.9633
10/6/2008,1.9542
09/6/2008,1.9748
06/6/2008,1.9698
05/6/2008,1.9581
04/6/2008,1.9546
03/6/2008,1.9632
02/6/2008,1.9672
30/5/2008,1.9821
29/5/2008,1.9767
28/5/2008,1.9798
27/5/2008,1.9759
26/5/2008,1.9819
23/5/2008,1.9795
22/5/2008,1.9804
21/5/2008,1.9716
20/5/2008,1.9686
19/5/2008,1.9491
16/5/2008,1.9563
15/5/2008,1.9475
14/5/2008,1.9465
13/5/2008,1.9447
12/5/2008,1.9575
09/5/2008,1.9532
08/5/2008,1.9548
07/5/2008,1.9536
06/5/2008,1.9733
05/5/2008,1.9724
02/5/2008,1.971
01/5/2008,1.9755
30/4/2008,1.9862
29/4/2008,1.9695
28/4/2008,1.9912
25/4/2008,1.9851
24/4/2008,1.974
23/4/2008,1.9796
22/4/2008,1.9951
21/4/2008,1.9798
18/4/2008,1.9973
17/4/2008,1.9904
16/4/2008,1.9732
15/4/2008,1.9626
14/4/2008,1.9787
11/4/2008,1.9704
10/4/2008,1.9712
09/4/2008,1.975
08/4/2008,1.9684
07/4/2008,1.9879
04/4/2008,1.9928
03/4/2008,1.9963
02/4/2008,1.9889
01/4/2008,1.9756
31/3/2008,1.9828
28/3/2008,1.9945
27/3/2008,2.008
26/3/2008,2.0074
25/3/2008,2.0054
24/3/2008,1.9864
21/3/2008,1.9823
20/3/2008,1.9866
19/3/2008,1.9836
18/3/2008,2.0076
17/3/2008,1.9977
14/3/2008,2.0185
13/3/2008,2.0336
12/3/2008,2.0269
11/3/2008,2.0062
10/3/2008,2.0086
07/3/2008,2.0145
06/3/2008,2.0107
05/3/2008,1.9919
04/3/2008,1.9859
03/3/2008,1.9843
29/2/2008,1.9869
28/2/2008,1.9918
27/2/2008,1.9812
26/2/2008,1.9859
25/2/2008,1.9673
22/2/2008,1.9669
21/2/2008,1.9632
20/2/2008,1.9419
19/2/2008,1.9479
18/2/2008,1.952
15/2/2008,1.9608
14/2/2008,1.9685
13/2/2008,1.9631
12/2/2008,1.9615
11/2/2008,1.9514
08/2/2008,1.9456
07/2/2008,1.9428
06/2/2008,1.9597
05/2/2008,1.9629
04/2/2008,1.9728
01/2/2008,1.9651
31/1/2008,1.9872
30/1/2008,1.9909
29/1/2008,1.9898
28/1/2008,1.984
25/1/2008,1.982
24/1/2008,1.9774
23/1/2008,1.9566
22/1/2008,1.9613
21/1/2008,1.943
18/1/2008,1.9539
17/1/2008,1.9707
16/1/2008,1.963
15/1/2008,1.9627
14/1/2008,1.9559
11/1/2008,1.9566
10/1/2008,1.9621
09/1/2008,1.9577
08/1/2008,1.9712
07/1/2008,1.9687
04/1/2008,1.9712
03/1/2008,1.9706
02/1/2008,1.9812
01/1/2008,1.9863
31/12/2007,1.9847
28/12/2007,1.9929
27/12/2007,1.995
26/12/2007,1.9834
25/12/2007,1.9805
24/12/2007,1.9767
21/12/2007,1.9835
20/12/2007,1.9825
19/12/2007,1.9975
18/12/2007,2.0143
17/12/2007,2.0216
14/12/2007,2.0154
13/12/2007,2.0405
12/12/2007,2.0468
11/12/2007,2.0336
10/12/2007,2.0465
07/12/2007,2.0314
06/12/2007,2.0265
05/12/2007,2.025
04/12/2007,2.0589
03/12/2007,2.0656
30/11/2007,2.0571
29/11/2007,2.0611
28/11/2007,2.0806
27/11/2007,2.0689
26/11/2007,2.0709
23/11/2007,2.0602
22/11/2007,2.0635
21/11/2007,2.0644
20/11/2007,2.0658
19/11/2007,2.0489
16/11/2007,2.0528
15/11/2007,2.0443
14/11/2007,2.0531
13/11/2007,2.0704
12/11/2007,2.0549
09/11/2007,2.0902
08/11/2007,2.1076
07/11/2007,2.1025
06/11/2007,2.0873
05/11/2007,2.0799
02/11/2007,2.0898
01/11/2007,2.0792
31/10/2007,2.0813
30/10/2007,2.0665
29/10/2007,2.0633
26/10/2007,2.0528
25/10/2007,2.0512
24/10/2007,2.0494
23/10/2007,2.0505
22/10/2007,2.0313
19/10/2007,2.0521
18/10/2007,2.0446
17/10/2007,2.0394
16/10/2007,2.0316
15/10/2007,2.0426
12/10/2007,2.0371
11/10/2007,2.0317
10/10/2007,2.0423
09/10/2007,2.038
08/10/2007,2.0371
05/10/2007,2.0424
04/10/2007,2.039
03/10/2007,2.0315
02/10/2007,2.0409
01/10/2007,2.0434
28/9/2007,2.0469
27/9/2007,2.0268
26/9/2007,2.0158
25/9/2007,2.0185
24/9/2007,2.0225
21/9/2007,2.0195
20/9/2007,2.0098
19/9/2007,2.0002
18/9/2007,2.012
17/9/2007,1.9942
14/9/2007,2.0086
13/9/2007,2.022
12/9/2007,2.0287
11/9/2007,2.0322
10/9/2007,2.027
07/9/2007,2.0297
06/9/2007,2.0233
05/9/2007,2.0195
04/9/2007,2.0128
03/9/2007,2.0178
31/8/2007,2.0164
30/8/2007,2.0137
29/8/2007,2.0175
28/8/2007,2.0016
27/8/2007,2.011
24/8/2007,2.0146
23/8/2007,2.0051
22/8/2007,1.9927
21/8/2007,1.9811
20/8/2007,1.9874
17/8/2007,1.9803
16/8/2007,1.9831
15/8/2007,1.9866
14/8/2007,1.9965
13/8/2007,2.0121
10/8/2007,2.0236
09/8/2007,2.0231
08/8/2007,2.0366
07/8/2007,2.0216
06/8/2007,2.031
03/8/2007,2.0394
02/8/2007,2.0369
01/8/2007,2.0313
31/7/2007,2.0285
30/7/2007,2.0238
27/7/2007,2.0242
26/7/2007,2.047
25/7/2007,2.0536
24/7/2007,2.0619
23/7/2007,2.0588
20/7/2007,2.0558
19/7/2007,2.0492
18/7/2007,2.0526
17/7/2007,2.0466
16/7/2007,2.0359
13/7/2007,2.0342
12/7/2007,2.0302
11/7/2007,2.0322
10/7/2007,2.0266
09/7/2007,2.0149
06/7/2007,2.0103
05/7/2007,2.0113
04/7/2007,2.0167
03/7/2007,2.0164
02/7/2007,2.017
29/6/2007,2.0092
28/6/2007,2.0027
27/6/2007,1.9997
26/6/2007,1.9987
25/6/2007,1.9977
22/6/2007,1.9991
21/6/2007,1.993
20/6/2007,1.993
19/6/2007,1.9879
18/6/2007,1.9831
15/6/2007,1.9757
14/6/2007,1.9696
13/6/2007,1.9728
12/6/2007,1.9741
11/6/2007,1.969
08/6/2007,1.9698
07/6/2007,1.9778
06/6/2007,1.9922
05/6/2007,1.993
04/6/2007,1.9915
01/6/2007,1.9819
31/5/2007,1.9805
30/5/2007,1.9757
29/5/2007,1.9809
28/5/2007,1.9832
25/5/2007,1.9834
24/5/2007,1.984
23/5/2007,1.9862
22/5/2007,1.9748
21/5/2007,1.9707
18/5/2007,1.9743
17/5/2007,1.9747
16/5/2007,1.9773
15/5/2007,1.9859
14/5/2007,1.9791
11/5/2007,1.9806
10/5/2007,1.9802
09/5/2007,1.9943
08/5/2007,1.9889
07/5/2007,1.9924
04/5/2007,1.9917
03/5/2007,1.988
02/5/2007,1.9891
01/5/2007,1.9989
30/4/2007,1.9988
27/4/2007,1.9978
26/4/2007,1.9909
25/4/2007,2.0017
24/4/2007,2.0019
23/4/2007,1.9992
20/4/2007,2.0023
19/4/2007,2.0024
18/4/2007,2.0082
17/4/2007,2.0078
16/4/2007,1.9898
13/4/2007,1.9866
12/4/2007,1.9794
11/4/2007,1.9747
10/4/2007,1.9722
09/4/2007,1.9621
06/4/2007,1.9651
05/4/2007,1.9701
04/4/2007,1.976
03/4/2007,1.9746
02/4/2007,1.9776
30/3/2007,1.9679
29/3/2007,1.9625
28/3/2007,1.9612
27/3/2007,1.9648
26/3/2007,1.9696
23/3/2007,1.9619
22/3/2007,1.9646
21/3/2007,1.9678
20/3/2007,1.9611
19/3/2007,1.9441
16/3/2007,1.9411
15/3/2007,1.9367
14/3/2007,1.9352
13/3/2007,1.9283
12/3/2007,1.9328
09/3/2007,1.9314
08/3/2007,1.928
07/3/2007,1.9322
06/3/2007,1.9307
05/3/2007,1.9217
02/3/2007,1.9431
01/3/2007,1.9586
28/2/2007,1.9638
27/2/2007,1.961
26/2/2007,1.9632
23/2/2007,1.9632
22/2/2007,1.956
21/2/2007,1.9543
20/2/2007,1.9553
19/2/2007,1.9512
16/2/2007,1.9503
15/2/2007,1.9527
14/2/2007,1.9624
13/2/2007,1.9469
12/2/2007,1.948
09/2/2007,1.9501
08/2/2007,1.9578
07/2/2007,1.97
06/2/2007,1.9706
05/2/2007,1.9597
02/2/2007,1.9667
01/2/2007,1.9673
31/1/2007,1.9637
30/1/2007,1.9627
29/1/2007,1.9594
26/1/2007,1.9598
25/1/2007,1.9637
24/1/2007,1.9679
23/1/2007,1.9818
22/1/2007,1.976
19/1/2007,1.9737
18/1/2007,1.9741
17/1/2007,1.9696
16/1/2007,1.9611
15/1/2007,1.9652
12/1/2007,1.9586
11/1/2007,1.9459
10/1/2007,1.9316
09/1/2007,1.9393
08/1/2007,1.9374
05/1/2007,1.9299
04/1/2007,1.9428
03/1/2007,1.9505
02/1/2007,1.9733
01/1/2007,1.9584
29/12/2006,1.9588
28/12/2006,1.9623
27/12/2006,1.9567
26/12/2006,1.9541
25/12/2006,1.9611
22/12/2006,1.9595
21/12/2006,1.9607
20/12/2006,1.9649
19/12/2006,1.9683
18/12/2006,1.9478
15/12/2006,1.9519
14/12/2006,1.9614
13/12/2006,1.9673
12/12/2006,1.9707
11/12/2006,1.9568
08/12/2006,1.9535
07/12/2006,1.9641
06/12/2006,1.9666
05/12/2006,1.9737
04/12/2006,1.9792
01/12/2006,1.9793
30/11/2006,1.9651
29/11/2006,1.9455
28/11/2006,1.9526
27/11/2006,1.9374
24/11/2006,1.9316
23/11/2006,1.9153
22/11/2006,1.9148
21/11/2006,1.8992
20/11/2006,1.8964
17/11/2006,1.8955
16/11/2006,1.8886
15/11/2006,1.8888
14/11/2006,1.8959
13/11/2006,1.9008
10/11/2006,1.9112
09/11/2006,1.9046
08/11/2006,1.9049
07/11/2006,1.9054
06/11/2006,1.897
03/11/2006,1.9009
02/11/2006,1.9082
01/11/2006,1.9082
31/10/2006,1.9074
30/10/2006,1.9022
27/10/2006,1.8988
26/10/2006,1.8907
25/10/2006,1.8778
24/10/2006,1.8731
23/10/2006,1.8732
20/10/2006,1.8838
19/10/2006,1.8775
18/10/2006,1.8678
17/10/2006,1.8703
16/10/2006,1.8611
13/10/2006,1.8558
12/10/2006,1.8591
11/10/2006,1.8537
10/10/2006,1.8544
09/10/2006,1.8674
06/10/2006,1.8699
05/10/2006,1.8789
04/10/2006,1.8864
03/10/2006,1.8875
02/10/2006,1.8869
29/9/2006,1.8721
28/9/2006,1.8765
27/9/2006,1.8891
26/9/2006,1.8943
25/9/2006,1.9
22/9/2006,1.8995
21/9/2006,1.9015
20/9/2006,1.8874
19/9/2006,1.8812
18/9/2006,1.8802
15/9/2006,1.8798
14/9/2006,1.8873
13/9/2006,1.8765
12/9/2006,1.8739
11/9/2006,1.8652
08/9/2006,1.8656
07/9/2006,1.8755
06/9/2006,1.884
05/9/2006,1.8941
04/9/2006,1.9066
01/9/2006,1.9069
31/8/2006,1.9042
30/8/2006,1.9052
29/8/2006,1.8986
28/8/2006,1.8933
25/8/2006,1.8865
24/8/2006,1.8874
23/8/2006,1.893
22/8/2006,1.8886
21/8/2006,1.8936
18/8/2006,1.8827
17/8/2006,1.8854
16/8/2006,1.896
15/8/2006,1.8938
14/8/2006,1.8881
11/8/2006,1.89
10/8/2006,1.8934
09/8/2006,1.9044
08/8/2006,1.9074
07/8/2006,1.906
04/8/2006,1.9075
03/8/2006,1.8874
02/8/2006,1.8768
01/8/2006,1.8763
31/7/2006,1.8673
28/7/2006,1.8642
27/7/2006,1.8575
26/7/2006,1.8542
25/7/2006,1.8393
24/7/2006,1.8513
21/7/2006,1.8591
20/7/2006,1.8479
19/7/2006,1.8415
18/7/2006,1.826
17/7/2006,1.8186
14/7/2006,1.8386
13/7/2006,1.8435
12/7/2006,1.8344
11/7/2006,1.8459
10/7/2006,1.8413
07/7/2006,1.8502
06/7/2006,1.8361
05/7/2006,1.8337
04/7/2006,1.8447
03/7/2006,1.8421
30/6/2006,1.8475
29/6/2006,1.8274
28/6/2006,1.8188
27/6/2006,1.822
26/6/2006,1.824
23/6/2006,1.8181
22/6/2006,1.8285
21/6/2006,1.8453
20/6/2006,1.8419
19/6/2006,1.8412
16/6/2006,1.8503
15/6/2006,1.8491
14/6/2006,1.8429
13/6/2006,1.833
12/6/2006,1.8415
09/6/2006,1.8411
08/6/2006,1.8441
07/6/2006,1.8554
06/6/2006,1.8595
05/6/2006,1.8725
02/6/2006,1.8818
01/6/2006,1.8653
31/5/2006,1.8695
30/5/2006,1.8845
29/5/2006,1.8595
26/5/2006,1.8592
25/5/2006,1.8731
24/5/2006,1.8674
23/5/2006,1.8796
22/5/2006,1.8867
19/5/2006,1.8777
18/5/2006,1.8952
17/5/2006,1.8821
16/5/2006,1.888
15/5/2006,1.8793
12/5/2006,1.8933
11/5/2006,1.8819
10/5/2006,1.8643
09/5/2006,1.867
08/5/2006,1.8578
05/5/2006,1.8591
04/5/2006,1.8521
03/5/2006,1.843
02/5/2006,1.8401
01/5/2006,1.8256
28/4/2006,1.8253
27/4/2006,1.8014
26/4/2006,1.784
25/4/2006,1.7875
24/4/2006,1.7881
21/4/2006,1.7815
20/4/2006,1.7783
19/4/2006,1.7925
18/4/2006,1.7828
17/4/2006,1.7699
14/4/2006,1.751
13/4/2006,1.7525
12/4/2006,1.7501
11/4/2006,1.7489
10/4/2006,1.7432
07/4/2006,1.7433
06/4/2006,1.7525
05/4/2006,1.7541
04/4/2006,1.7546
03/4/2006,1.7397
31/3/2006,1.738
30/3/2006,1.7468
29/3/2006,1.7345
28/3/2006,1.7434
27/3/2006,1.7464
24/3/2006,1.7424
23/3/2006,1.7351
22/3/2006,1.7472
21/3/2006,1.7468
20/3/2006,1.7565
17/3/2006,1.7565
16/3/2006,1.7572
15/3/2006,1.7474
14/3/2006,1.7463
13/3/2006,1.7324
10/3/2006,1.7265
09/3/2006,1.7364
08/3/2006,1.7376
07/3/2006,1.736
06/3/2006,1.7496
03/3/2006,1.7544
02/3/2006,1.7548
01/3/2006,1.7487
28/2/2006,1.7538
27/2/2006,1.7391
24/2/2006,1.7447
23/2/2006,1.752
22/2/2006,1.7429
21/2/2006,1.7458
20/2/2006,1.744
17/2/2006,1.7415
16/2/2006,1.7394
15/2/2006,1.7403
14/2/2006,1.7362
13/2/2006,1.7419
10/2/2006,1.744
09/2/2006,1.7409
08/2/2006,1.7412
07/2/2006,1.7432
06/2/2006,1.7473
03/2/2006,1.7623
02/2/2006,1.7802
01/2/2006,1.7739
31/1/2006,1.7787
30/1/2006,1.7684
27/1/2006,1.7675
26/1/2006,1.7803
25/1/2006,1.7843
24/1/2006,1.785
23/1/2006,1.7871
20/1/2006,1.7706
19/1/2006,1.7593
18/1/2006,1.7627
17/1/2006,1.7674
16/1/2006,1.7684
13/1/2006,1.7753
12/1/2006,1.7596
11/1/2006,1.7636
10/1/2006,1.7653
09/1/2006,1.7645
06/1/2006,1.7699
05/1/2006,1.7542
04/1/2006,1.7583
03/1/2006,1.7448
02/1/2006,1.7228
30/12/2005,1.7211
29/12/2005,1.7238
28/12/2005,1.7163
27/12/2005,1.7272
26/12/2005,1.7333
23/12/2005,1.7341
22/12/2005,1.7377
21/12/2005,1.743
20/12/2005,1.7531
19/12/2005,1.7616
16/12/2005,1.772
15/12/2005,1.7653
14/12/2005,1.7726
13/12/2005,1.7692
12/12/2005,1.7752
09/12/2005,1.755
08/12/2005,1.7525
07/12/2005,1.7353
06/12/2005,1.7414
05/12/2005,1.7411
02/12/2005,1.7334
01/12/2005,1.7303
30/11/2005,1.7298
29/11/2005,1.7192
28/11/2005,1.7305
25/11/2005,1.7141
24/11/2005,1.7226
23/11/2005,1.7235
22/11/2005,1.7213
21/11/2005,1.7175
18/11/2005,1.7166
17/11/2005,1.7187
16/11/2005,1.7158
15/11/2005,1.7347
14/11/2005,1.7375
11/11/2005,1.7415
10/11/2005,1.7403
09/11/2005,1.7431
08/11/2005,1.7428
07/11/2005,1.7442
04/11/2005,1.7503
03/11/2005,1.7703
02/11/2005,1.7757
01/11/2005,1.7648
31/10/2005,1.7697
28/10/2005,1.7723
27/10/2005,1.7823
26/10/2005,1.775
25/10/2005,1.7844
24/10/2005,1.769
21/10/2005,1.7685
20/10/2005,1.7734
19/10/2005,1.765
18/10/2005,1.7511
17/10/2005,1.754
14/10/2005,1.7684
13/10/2005,1.7564
12/10/2005,1.753
11/10/2005,1.746
10/10/2005,1.7562
07/10/2005,1.7602
06/10/2005,1.7791
05/10/2005,1.762
04/10/2005,1.7586
03/10/2005,1.7546
30/9/2005,1.7637
29/9/2005,1.7615
28/9/2005,1.7681
27/9/2005,1.7667
26/9/2005,1.7788
23/9/2005,1.7756
22/9/2005,1.7911
21/9/2005,1.8095
20/9/2005,1.7983
19/9/2005,1.8022
16/9/2005,1.8079
15/9/2005,1.806
14/9/2005,1.8238
13/9/2005,1.8222
12/9/2005,1.8189
09/9/2005,1.8392
08/9/2005,1.8354
07/9/2005,1.8363
06/9/2005,1.842
05/9/2005,1.8444
02/9/2005,1.8419
01/9/2005,1.8347
31/8/2005,1.8033
30/8/2005,1.7861
29/8/2005,1.7955
26/8/2005,1.7996
25/8/2005,1.8029
24/8/2005,1.8004
23/8/2005,1.8008
22/8/2005,1.8004
19/8/2005,1.7949
18/8/2005,1.7948
17/8/2005,1.806
16/8/2005,1.8107
15/8/2005,1.8121
12/8/2005,1.814
11/8/2005,1.8123
10/8/2005,1.795
09/8/2005,1.7873
08/8/2005,1.7845
05/8/2005,1.7785
04/8/2005,1.7802
03/8/2005,1.7778
02/8/2005,1.7715
01/8/2005,1.7677
29/7/2005,1.7564
28/7/2005,1.7556
27/7/2005,1.7442
26/7/2005,1.7373
25/7/2005,1.7464
22/7/2005,1.74
21/7/2005,1.7513
20/7/2005,1.7383
19/7/2005,1.74
18/7/2005,1.7485
15/7/2005,1.7513
14/7/2005,1.7558
13/7/2005,1.7639
12/7/2005,1.7783
11/7/2005,1.7577
08/7/2005,1.7383
07/7/2005,1.7443
06/7/2005,1.7536
05/7/2005,1.7565
04/7/2005,1.7582
01/7/2005,1.7682
30/6/2005,1.7912
29/6/2005,1.8071
28/6/2005,1.814
27/6/2005,1.829
24/6/2005,1.8234
23/6/2005,1.8154
22/6/2005,1.8209
21/6/2005,1.829
20/6/2005,1.8242
17/6/2005,1.8304
16/6/2005,1.8222
15/6/2005,1.8223
14/6/2005,1.8066
13/6/2005,1.8067
10/6/2005,1.8107
09/6/2005,1.8209
08/6/2005,1.8233
07/6/2005,1.8348
06/6/2005,1.8243
03/6/2005,1.8148
02/6/2005,1.8151
01/6/2005,1.8109
31/5/2005,1.8175
30/5/2005,1.8232
27/5/2005,1.8243
26/5/2005,1.82
25/5/2005,1.8315
24/5/2005,1.8271
23/5/2005,1.8301
20/5/2005,1.8271
19/5/2005,1.8361
18/5/2005,1.8395
17/5/2005,1.8335
16/5/2005,1.8371
13/5/2005,1.8481
12/5/2005,1.8634
11/5/2005,1.8721
10/5/2005,1.8821
09/5/2005,1.886
06/5/2005,1.8902
05/5/2005,1.9034
04/5/2005,1.9015
03/5/2005,1.8917
02/5/2005,1.8949
29/4/2005,1.9077
28/4/2005,1.9065
27/4/2005,1.9049
26/4/2005,1.9059
25/4/2005,1.9117
22/4/2005,1.9155
21/4/2005,1.9086
20/4/2005,1.9192
19/4/2005,1.9179
18/4/2005,1.9034
15/4/2005,1.8931
14/4/2005,1.8803
13/4/2005,1.8941
12/4/2005,1.8919
11/4/2005,1.8906
08/4/2005,1.885
07/4/2005,1.8696
06/4/2005,1.8801
05/4/2005,1.8802
04/4/2005,1.8748
01/4/2005,1.8811
31/3/2005,1.8895
30/3/2005,1.879
29/3/2005,1.8737
28/3/2005,1.8655
25/3/2005,1.8696
24/3/2005,1.8691
23/3/2005,1.8688
22/3/2005,1.8855
21/3/2005,1.8977
18/3/2005,1.921
17/3/2005,1.9244
16/3/2005,1.9263
15/3/2005,1.9116
14/3/2005,1.914
11/3/2005,1.9246
10/3/2005,1.9223
09/3/2005,1.9242
08/3/2005,1.9288
07/3/2005,1.9135
04/3/2005,1.9235
03/3/2005,1.9072
02/3/2005,1.9128
01/3/2005,1.9204
28/2/2005,1.9219
25/2/2005,1.9185
24/2/2005,1.91
23/2/2005,1.9087
22/2/2005,1.9105
21/2/2005,1.8963
18/2/2005,1.8944
17/2/2005,1.8946
16/2/2005,1.8849
15/2/2005,1.8966
14/2/2005,1.888
11/2/2005,1.8672
10/2/2005,1.8688
09/2/2005,1.8587
08/2/2005,1.8546
07/2/2005,1.8569
04/2/2005,1.8754
03/2/2005,1.8821
02/2/2005,1.8852
01/2/2005,1.8835
31/1/2005,1.8833
28/1/2005,1.8879
27/1/2005,1.8879
26/1/2005,1.8833
25/1/2005,1.864
24/1/2005,1.8803
21/1/2005,1.8784
20/1/2005,1.8714
19/1/2005,1.8709
18/1/2005,1.8668
17/1/2005,1.8597
14/1/2005,1.8703
13/1/2005,1.8823
12/1/2005,1.8912
11/1/2005,1.8781
10/1/2005,1.8759
07/1/2005,1.8694
06/1/2005,1.8749
05/1/2005,1.8825
04/1/2005,1.8819
03/1/2005,1.9041
31/12/2004,1.9184
30/12/2004,1.9263
29/12/2004,1.9172
28/12/2004,1.9274
27/12/2004,1.9364
24/12/2004,1.924
23/12/2004,1.9238
22/12/2004,1.9136
21/12/2004,1.9282
20/12/2004,1.9456
17/12/2004,1.9418
16/12/2004,1.9309
15/12/2004,1.9416
14/12/2004,1.9282
13/12/2004,1.9253
10/12/2004,1.9151
09/12/2004,1.9269
08/12/2004,1.9334
07/12/2004,1.9453
06/12/2004,1.9387
03/12/2004,1.9433
02/12/2004,1.9244
01/12/2004,1.9326
30/11/2004,1.9107
29/11/2004,1.8929
26/11/2004,1.8942
25/11/2004,1.8889
24/11/2004,1.8797
23/11/2004,1.8673
22/11/2004,1.8598
19/11/2004,1.8571
18/11/2004,1.8495
17/11/2004,1.86
16/11/2004,1.8525
15/11/2004,1.8465
12/11/2004,1.8565
11/11/2004,1.8418
10/11/2004,1.8456
09/11/2004,1.8568
08/11/2004,1.8556
05/11/2004,1.8556
04/11/2004,1.8439
03/11/2004,1.8482
02/11/2004,1.8394
01/11/2004,1.8337
29/10/2004,1.8377
28/10/2004,1.8296
27/10/2004,1.8274
26/10/2004,1.8337
25/10/2004,1.8419
22/10/2004,1.8262
21/10/2004,1.8272
20/10/2004,1.8159
19/10/2004,1.8042
18/10/2004,1.7982
15/10/2004,1.804
14/10/2004,1.7968
13/10/2004,1.7933
12/10/2004,1.7909
11/10/2004,1.7975
08/10/2004,1.7945
07/10/2004,1.7822
06/10/2004,1.7802
05/10/2004,1.7819
04/10/2004,1.7843
01/10/2004,1.7989
30/9/2004,1.8115
29/9/2004,1.7995
28/9/2004,1.8132
27/9/2004,1.8094
24/9/2004,1.8044
23/9/2004,1.7966
22/9/2004,1.7935
21/9/2004,1.7967
20/9/2004,1.7868
17/9/2004,1.7922
16/9/2004,1.7926
15/9/2004,1.7766
14/9/2004,1.7955
13/9/2004,1.7967
10/9/2004,1.7977
09/9/2004,1.788
08/9/2004,1.786
07/9/2004,1.7736
06/9/2004,1.7796
03/9/2004,1.7754
02/9/2004,1.7889
01/9/2004,1.7932
31/8/2004,1.8022
30/8/2004,1.796
27/8/2004,1.791
26/8/2004,1.7973
25/8/2004,1.7958
24/8/2004,1.7926
23/8/2004,1.8069
20/8/2004,1.8196
19/8/2004,1.8309
18/8/2004,1.8223
17/8/2004,1.828
16/8/2004,1.8397
13/8/2004,1.8459
12/8/2004,1.8222
11/8/2004,1.8309
10/8/2004,1.8263
09/8/2004,1.841
06/8/2004,1.8402
05/8/2004,1.8232
04/8/2004,1.8248
03/8/2004,1.825
02/8/2004,1.8252
30/7/2004,1.8198
29/7/2004,1.816
28/7/2004,1.8248
27/7/2004,1.8214
26/7/2004,1.8411
23/7/2004,1.8324
22/7/2004,1.8441
21/7/2004,1.8419
20/7/2004,1.8517
19/7/2004,1.8678
16/7/2004,1.8723
15/7/2004,1.8533
14/7/2004,1.8563
13/7/2004,1.8567
12/7/2004,1.8616
09/7/2004,1.8593
08/7/2004,1.8497
07/7/2004,1.8564
06/7/2004,1.8408
05/7/2004,1.8297
02/7/2004,1.8306
01/7/2004,1.8196
30/6/2004,1.8191
29/6/2004,1.8072
28/6/2004,1.8297
25/6/2004,1.8264
24/6/2004,1.826
